Австралии,Австралии,Австралию,Австралией,об Австралии,в Австралии,ЕдинЖен,Австралии,Австралий,Австралиям,Австралии,Австралиями,об Австралиях,в Австралиях
Австрии,Австрии,Австрию,Австрией,об Австрии,в Австрии,ЕдинЖен,Австрии,Австрий,Австриям,Австрии,Австриями,об Австриях,в Австриях
Азербайджана,Азербайджану,Азербайджана,Азербайджаном,об Азербайджане,в Азербайджане,ЕдинМуж,Азербайджаны,Азербайджанов,Азербайджанам,Азербайджанов,Азербайджанами,об Азербайджанах,в Азербайджанах
Албании,Албании,Албанию,Албанией,об Албании,в Албании,ЕдинЖен
Алжира,Алжиру,Алжир,Алжиром,об Алжире,в Алжире,ЕдинМуж,Алжиры,Алжиров,Алжирам,Алжиры,Алжирами,об Алжирах,в Алжирах
Американского Самоа,Американскому Самоа,Американское Самоа,Американским Самоа,об Американском Самоа,в Американском Самоа,ЕдинСред,Американские Самоа,Американских Самоа,Американским Самоа,Американские Самоа,Американскими Самоа,об Американских Самоа,в Американских Самоа
Ангильи,Ангилье,Ангилью,Ангильей,об Ангилье,в Ангилье,ЕдинЖен,Ангильи,Ангильй,Ангильям,Ангильй,Ангильями,об Ангильях,в Ангильях
Анголы,Анголе,Анголу,Анголой,об Анголе,в Анголе,ЕдинЖен,Анголы,Ангол,Анголам,Анголы,Анголами,об Анголах,в Анголах
Андорры,Андорре,Андорру,Андоррой,об Андорре,в Андорре,ЕдинЖен,Андорры,Андорр,Андоррам,Андорр,Андоррами,об Андоррах,в Андоррах
Антарктиды,Антарктиде,Антарктиду,Антарктидой,об Антарктиде,в Антарктиде,ЕдинЖен,Антарктиды,Антарктид,Антарктидам,Антарктид,Антарктидами,об Антарктидах,в Антарктидах
Антигуа и Барбуда,Антигуа и Барбуда,Антигуа и Барбуда,Антигуа и Барбуда,об Антигуа и Барбуда,в Антигуа и Барбуда,ЕдинМуж,Антигуа и Барбуда,Антигуа и Барбуда,Антигуа и Барбуда,Антигуа и Барбуда,Антигуа и Барбуда,об Антигуа и Барбуда,в Антигуа и Барбуда
Аргентины,Аргентине,Аргентину,Аргентиной,об Аргентине,в Аргентине,ЕдинЖен,Аргентины,Аргентин,Аргентинам,Аргентины,Аргентинами,об Аргентинах,в Аргентинах
Армении,Армении,Армению,Арменией,об Армении,в Армении,ЕдинЖен
Арубы,Арубе,Арубу,Арубой,об Арубе,в Арубе,ЕдинЖен,Арубы,Аруб,Арубам,Аруб,Арубами,об Арубах,в Арубах
Афганистана,Афганистану,Афганистана,Афганистаном,об Афганистане,в Афганистане,ЕдинМуж,Афганистаны,Афганистанов,Афганистанам,Афганистанов,Афганистанами,об Афганистанах,в Афганистанах
Багам,Багамам,Багам,Багамами,о Багамах,в Багамах,Множ
Бангладеша,Бангладешу,Бангладеш,Бангладешем,о Бангладеше,в Бангладеше,ЕдинМуж,Бангладеши,Бангладешей,Бангладешам,Бангладеши,Бангладешами,о Бангладешах,в Бангладешах
Барбадоса,Барбадосу,Барбадос,Барбадосом,о Барбадосе,в Барбадосе,ЕдинМуж,Барбадосы,Барбадосов,Барбадосам,Барбадосы,Барбадосами,о Барбадосах,в Барбадосах
Бахрейна,Бахрейну,Бахрейна,Бахрейном,о Бахрейне,в Бахрейне,ЕдинМуж,Бахрейны,Бахрейнов,Бахрейнам,Бахрейнов,Бахрейнами,о Бахрейнах,в Бахрейнах
Беларуси,Беларуси,Беларусь,Беларусью,о Беларуси,в Беларуси,ЕдинЖен,Беларуси,Беларусей,Беларусям,Беларуси,Беларусями,о Беларусях,в Беларусях
Белиза,Белизу,Белиза,Белизом,о Белизе,в Белизе,ЕдинМуж,Белизы,Белизов,Белизам,Белизов,Белизами,о Белизах,в Белизах
Бельгии,Бельгии,Бельгию,Бельгией,о Бельгии,в Бельгии,ЕдинЖен,Бельгии,Бельгий,Бельгиям,Бельгий,Бельгиями,о Бельгиях,в Бельгиях
Бенина,Бенину,Бенин,Бенином,о Бенине,в Бенине,ЕдинМуж,Бенины,Бенинов,Бенинам,Бенины,Бенинами,о Бенинах,в Бенинах
Бермуд,Бермудам,Бермуды,Бермудами,о Бермудах,на Бермудах,Множ
Болгарии,Болгарии,Болгарию,Болгарией,о Болгарии,в Болгарии,ЕдинЖен,Болгарии,Болгарий,Болгариям,Болгарий,Болгариями,о Болгариях,в Болгариях
Боливии,Боливии,Боливию,Боливией,о Боливии,в Боливии,ЕдинЖен,Боливии,Боливий,Боливиям,Боливии,Боливиями,о Боливиях,в Боливиях
Боснии и Герцеговины,Боснии и Герцеговине,Боснию и Герцеговину,Боснией и Герцеговиной,о Боснии и Герцеговине,в Боснии и Герцеговине,ЕдинЖен,Боснии и Герцеговины,Босний и Герцеговин,Босниям и Герцеговинам,Боснии и Герцеговины,Босниями и Герцеговинами,о Босниях и Герцеговинах,в Босниях и Герцеговинах
Ботсваны,Ботсване,Ботсвану,Ботсваной,о Ботсване,в Ботсване,ЕдинЖен,Ботсваны,Ботсван,Ботсванам,Ботсван,Ботсванами,о Ботсванах,в Ботсванах
Бразилии,Бразилии,Бразилию,Бразилией,о Бразилии,в Бразилии,ЕдинЖен,Бразилии,Бразилий,Бразилиям,Бразилий,Бразилиями,о Бразилиях,в Бразилиях
Британской территории в Индийском океане,Британской территории в Индийском океане,Британскую территорию в Индийском океане,Британской территорией в Индийском океане,о Британской территории в Индийском океане,на Британской территории в Индийском океане,ЕдинЖен,Британские территории в Индийском океане,Британских территорий в Индийском океане,Британским территориям в Индийском океане,Британские территории в Индийском океане,Британскими территориями в Индийском океане,о Британских территориях в Индийском океане,на Британских территориях в Индийском океане
Брунея-Даруссалама,Брунею-Даруссаламу,Бруней-Даруссалам,Брунеем-Даруссаламом,о Брунее-Даруссаламе,в Брунее-Даруссаламе,ЕдинМуж,Брунеи-Даруссаламы,Брунеев-Даруссаламов,Брунеям-Даруссаламам,Брунеи-Даруссаламы,Брунеями-Даруссаламами,о Брунеях-Даруссаламах,в Брунеях-Даруссаламах
Буркиной-Фасо,Буркиной-Фасо,Буркину-Фасо,Буркиной-Фасо,о Буркиной-Фасо,в Буркиной-Фасо,ЕдинЖен
Бурунди,Бурунди,Бурунди,Бурунди,о Бурунди,в Бурунди,ЕдинМуж,Бурунди,Бурунди,Бурунди,Бурунди,Бурунди,о Бурунди,в Бурунди
Бутана,Бутану,Бутан,Бутаном,о Бутане,в Бутане,ЕдинМуж,Бутаны,Бутанов,Бутанам,Бутаны,Бутанами,о Бутанах,в Бутанах
Вануату,Вануату,Вануату,Вануату,о Вануату,в Вануату,ЕдинМуж,Вануату,Вануату,Вануату,Вануату,Вануату,о Вануату,в Вануату
Венгрии,Венгрии,Венгрию,Венгрией,о Венгрии,в Венгрии,ЕдинЖен,Венгрии,Венгрий,Венгриям,Венгрий,Венгриями,о Венгриях,в Венгриях
Венесуэлы,Венесуэле,Венесуэлу,Венесуэлой,о Венесуэле,в Венесуэле,ЕдинЖен,Венесуэлы,Венесуэл,Венесуэлам,Венесуэлы,Венесуэлами,о Венесуэлах,в Венесуэлах
"Виргинских островов, Британских","Виргинским островам, Британским","Виргинские острова, Британские","Виргинскими островами, Британскими","о Виргинских островах, Британских","в Виргинских островах, Британских",Множ
"Виргинских островов, США","Виргинским островам, США","Виргинские острова, США","Виргинскими островами, США","о Виргинских островах, США","в Виргинских островах, США",Множ
Вьетнама,Вьетнаму,Вьетнама,Вьетнамом,о Вьетнаме,во Вьетнаме,ЕдинМуж,Вьетнамы,Вьетнамов,Вьетнамам,Вьетнамов,Вьетнамами,о Вьетнамах,во Вьетнамах
Габона,Габону,Габон,Габоном,о Габоне,в Габоне,ЕдинМуж,Габоны,Габонов,Габонам,Габоны,Габонами,о Габонах,в Габонах
Гаитей,Гаитям,Гаити,Гаитями,о Гаитях,в Гаитях,Множ
Гайаны,Гайане,Гайану,Гайаной,о Гайане,в Гайане,ЕдинЖен
Гамбии,Гамбии,Гамбию,Гамбией,о Гамбии,в Гамбии,ЕдинЖен,Гамбии,Гамбий,Гамбиям,Гамбий,Гамбиями,о Гамбиях,в Гамбиях
Ганы,Гане,Гану,Ганой,о Гане,в Гане,ЕдинЖен,Ганы,Ган,Ганам,Ган,Ганами,о Ганах,в Ганах
Гваделупы,Гваделупе,Гваделупу,Гваделупой,о Гваделупе,в Гваделупе,ЕдинЖен,Гваделупы,Гваделуп,Гваделупам,Гваделупы,Гваделупами,о Гваделупах,в Гваделупах
Гватемалы,Гватемале,Гватемалу,Гватемалой,о Гватемале,в Гватемале,ЕдинЖен,Гватемалы,Гватемал,Гватемалам,Гватемал,Гватемалами,о Гватемалах,в Гватемалах
Гвинеи,Гвинее,Гвинею,Гвинеей,о Гвинее,в Гвинее,ЕдинЖен,Гвинеи,Гвиней,Гвинеям,Гвиней,Гвинеями,о Гвинеях,в Гвинеях
Гвинеи-Бисау,Гвинее-Бисау,Гвинею-Бисау,Гвинеей-Бисау,о Гвинее-Бисау,в Гвинее-Бисау,ЕдинЖен,Гвинеи-Бисау,Гвиней-Бисау,Гвинеям-Бисау,Гвиней-Бисау,Гвинеями-Бисау,о Гвинеях-Бисау,в Гвинеях-Бисау
Германии,Германии,Германию,Германией,о Германии,в Германии,ЕдинЖен,Германии,Германий,Германиям,Германии,Германиями,о Германиях,в Германиях
Гернси,Гернси,Гернси,Гернси,о Гернси,в Гернси,ЕдинЖен,Гернси,Гернси,Гернси,Гернси,Гернси,о Гернси,в Гернси
Гибралтара,Гибралтару,Гибралтара,Гибралтаром,о Гибралтаре,в Гибралтаре,ЕдинМуж,Гибралтары,Гибралтаров,Гибралтарам,Гибралтаров,Гибралтарами,о Гибралтарах,в Гибралтарах
Гондураса,Гондурасу,Гондураса,Гондурасом,о Гондурасе,в Гондурасе,ЕдинМуж,Гондурасы,Гондурасов,Гондурасам,Гондурасов,Гондурасами,о Гондурасах,в Гондурасах
Гонконга,Гонконгу,Гонконга,Гонконгом,о Гонконге,в Гонконге,ЕдинМуж,Гонконги,Гонконгов,Гонконгам,Гонконгов,Гонконгами,о Гонконгах,в Гонконгах
Гренады,Гренаде,Гренаду,Гренадой,о Гренаде,в Гренаде,ЕдинЖен,Гренады,Гренад,Гренадам,Гренады,Гренадами,о Гренадах,в Гренадах
Гренландии,Гренландии,Гренландию,Гренландией,о Гренландии,в Гренландии,ЕдинЖен,Гренландии,Гренландий,Гренландиям,Гренландии,Гренландиями,о Гренландиях,в Гренландиях
Греции,Греции,Грецию,Грецией,о Греции,в Греции,ЕдинЖен,Греции,Греций,Грециям,Греции,Грециями,о Грециях,в Грециях
Грузии,Грузии,Грузию,Грузией,о Грузии,в Грузии,ЕдинЖен,Грузии,Грузий,Грузиям,Грузии,Грузиями,о Грузиях,в Грузиях
Гуама,Гуаму,Гуама,Гуамом,о Гуаме,в Гуаме,ЕдинМуж,Гуамы,Гуамов,Гуамам,Гуамов,Гуамами,о Гуамах,в Гуамах
Дании,Дании,Данию,Данией,о Дании,в Дании,ЕдинЖен,Дании,Даний,Даниям,Дании,Даниями,о Даниях,в Даниях
Джерси,Джерси,Джерси,Джерси,о Джерси,в Джерси,ЕдинСред,Джерси,Джерси,Джерси,Джерси,Джерси,о Джерси,в Джерси
Джибути,Джибути,Джибути,Джибути,о Джибути,в Джибути,ЕдинЖен,Джибути,Джибути,Джибути,Джибути,Джибути,о Джибути,в Джибути
Доминики,Доминике,Доминику,Доминикой,о Доминике,в Доминике,ЕдинЖен
Доминиканской Республики,Доминиканской Республике,Доминиканскую Республику,Доминиканской Республикой,о Доминиканской Республике,в Доминиканской Республике,ЕдинЖен,Доминиканские Республики,Доминиканских Республик,Доминиканским Республикам,Доминиканские Республики,Доминиканскими Республиками,о Доминиканских Республиках,в Доминиканских Республиках
Египта,Египту,Египет,Египтом,о Египте,в Египте,ЕдинМуж,Египты,Египтов,Египтам,Египты,Египтами,о Египтах,в Египтах
Замбии,Замбии,Замбию,Замбией,о Замбии,в Замбии,ЕдинЖен,Замбии,Замбий,Замбиям,Замбий,Замбиями,о Замбиях,в Замбиях
Западной Сахара,Западной Сахара,Западную Сахара,Западной Сахара,о Западной Сахара,в Западной Сахара,ЕдинЖен,Западные Сахара,Западных Сахара,Западным Сахара,Западные Сахара,Западными Сахара,о Западных Сахара,в Западных Сахара
Зимбабве,Зимбабве,Зимбабве,Зимбабве,о Зимбабве,в Зимбабве,ЕдинЖен,Зимбабве,Зимбабве,Зимбабве,Зимбабве,Зимбабве,о Зимбабве,в Зимбабве
Израиля,Израилю,Израиля,Израилем,об Израиле,в Израиле,ЕдинМуж
Индии,Индии,Индию,Индией,об Индии,в Индии,ЕдинЖен,Индии,Индий,Индиям,Индий,Индиями,об Индиях,в Индиях
Индонезии,Индонезии,Индонезию,Индонезией,об Индонезии,в Индонезии,ЕдинЖен,Индонезии,Индонезий,Индонезиям,Индонезий,Индонезиями,об Индонезиях,в Индонезиях
Иордании,Иордании,Иорданию,Иорданией,об Иордании,в Иордании,ЕдинЖен,Иордании,Иорданий,Иорданиям,Иорданий,Иорданиями,об Иорданиях,в Иорданиях
Ирака,Ираку,Ирака,Ираком,об Ираке,в Ираке,ЕдинМуж,Ираки,Ираков,Иракам,Ираков,Ираками,об Ираках,в Ираках
Ирана,Ирану,Ирана,Ираном,об Иране,в Иране,ЕдинМуж
Ирландии,Ирландии,Ирландию,Ирландией,об Ирландии,в Ирландии,ЕдинЖен,Ирландии,Ирландий,Ирландиям,Ирландии,Ирландиями,об Ирландиях,в Ирландиях
Исландии,Исландии,Исландию,Исландией,об Исландии,в Исландии,ЕдинЖен,Исландии,Исландий,Исландиям,Исландии,Исландиями,об Исландиях,в Исландиях
Испании,Испании,Испанию,Испанией,об Испании,в Испании,ЕдинЖен,Испании,Испаний,Испаниям,Испании,Испаниями,об Испаниях,в Испаниях
Италии,Италии,Италию,Италией,об Италии,в Италии,ЕдинЖен,Италии,Италий,Италиям,Италии,Италиями,об Италиях,в Италиях
Йемена,Йемену,Йемен,Йеменом,о Йемене,в Йемене,ЕдинМуж,Йемены,Йеменов,Йеменам,Йемены,Йеменами,о Йеменах,в Йеменах
Кабо-Верде,Кабо-Верде,Кабо-Верде,Кабо-Верде,о Кабо-Верде,в Кабо-Верде,ЕдинМуж,Кабо-Верде,Кабо-Верде,Кабо-Верде,Кабо-Верде,Кабо-Верде,о Кабо-Верде,в Кабо-Верде
Казахстана,Казахстану,Казахстан,Казахстаном,о Казахстане,в Казахстане,ЕдинМуж,Казахстаны,Казахстанов,Казахстанам,Казахстаны,Казахстанами,о Казахстанах,в Казахстанах
Камбоджи,Камбодже,Камбоджу,Камбоджой,о Камбодже,в Камбодже,ЕдинМуж,Камбоджи,Камбоджей,Камбоджам,Камбоджей,Камбоджами,о Камбоджах,в Камбоджах
Камеруна,Камеруну,Камеруна,Камеруном,о Камеруне,в Камеруне,ЕдинМуж,Камеруны,Камерунов,Камерунам,Камерунов,Камерунами,о Камерунах,в Камерунах
Канады,Канаде,Канаду,Канадой,о Канаде,в Канаде,ЕдинЖен,Канады,Канад,Канадам,Канады,Канадами,о Канадах,в Канадах
Катара,Катару,Катар,Катаром,о Катаре,в Катаре,ЕдинМуж,Катары,Катаров,Катарам,Катары,Катарами,о Катарах,в Катарах
Кении,Кении,Кению,Кенией,о Кении,в Кении,ЕдинЖен,Кении,Кений,Кениям,Кений,Кениями,о Кениях,в Кениях
Кипра,Кипру,Кипр,Кипром,о Кипре,в Кипре,ЕдинМуж,Кипры,Кипров,Кипрам,Кипры,Кипрами,о Кипрах,в Кипрах
Киргизии,Киргизии,Киргизию,Киргизией,о Киргизии,в Киргизии,ЕдинЖен,Киргизии,Киргизий,Киргизиям,Киргизий,Киргизиями,о Киргизиях,в Киргизиях
Кирибатей,Кирибатям,Кирибатей,Кирибатями,о Кирибатях,в Кирибатях,Множ
Китая,Китаю,Китая,Китаем,о Китае,в Китае,ЕдинМуж,Китаи,Китаев,Китаям,Китаев,Китаями,о Китаях,в Китаях
Кокосовых (Килинг) острова,Кокосовым (Килинг) острова,Кокосовые (Килинг) острова,Кокосовыми (Килинг) острова,о Кокосовых (Килинг) острова,в Кокосовых (Килинг) острова,Множ
Колумбии,Колумбии,Колумбию,Колумбией,о Колумбии,в Колумбии,ЕдинЖен,Колумбии,Колумбий,Колумбиям,Колумбии,Колумбиями,о Колумбиях,в Колумбиях
Коморов,Коморам,Коморы,Коморами,о Коморах,в Коморах,Множ
Республики Конго,Республике Конго,Республику Конго,Республикой Конго,о Республике Конго,в Республике Конго,ЕдинЖен,Республики Конго,Республик Конго,Республикам Конго,Республики Конго,Республиками Конго,о Республиках Конго,в Республиках Конго
Демократической Республики Конго,Демократической Республике Конго,Демократическую Республику Конго,Демократической Республикой Конго,о Демократической Республике Конго,в Демократической Республике Конго,ЕдинЖен
Косово,Косово,Косово,Косово,о Косово,в Косово,ЕдинМуж
Косты-Рики,Косте-Рике,Косту-Рику,Костой-Рикой,о Косте-Рике,в Косте-Рике,ЕдинЖен,Косты-Рики,Кост-Рик,Костам-Рикам,Кост-Рик,Костами-Риками,о Костах-Риках,в Костах-Риках
Кота д'Ивуар,Коту д'Ивуар,Кота д'Ивуар,Котом д'Ивуар,о Коте д'Ивуар,в Коте д'Ивуар,ЕдинМуж,Коты д'Ивуар,Котов д'Ивуар,Котам д'Ивуар,Котов д'Ивуар,Котами д'Ивуар,о Котах д'Ивуар,в Котах д'Ивуар
Кубы,Кубе,Кубу,Кубой,о Кубе,на Кубе,ЕдинЖен,Кубы,Куб,Кубам,Кубы,Кубами,о Кубах,на Кубах
Кувейта,Кувейту,Кувейт,Кувейтом,о Кувейте,в Кувейте,ЕдинМуж,Кувейты,Кувейтов,Кувейтам,Кувейты,Кувейтами,о Кувейтах,в Кувейтах
Лаоса,Лаосу,Лаос,Лаосом,о Лаосе,в Лаосе,ЕдинМуж,Лаосы,Лаосов,Лаосам,Лаосы,Лаосами,о Лаосах,в Лаосах
Латвии,Латвии,Латвию,Латвией,о Латвии,в Латвии,ЕдинЖен,Латвии,Латвий,Латвиям,Латвий,Латвиями,о Латвиях,в Латвиях
Лесото,Лесото,Лесото,Лесото,о Лесото,в Лесото,ЕдинСред,Лесото,Лесото,Лесото,Лесото,Лесото,о Лесото,в Лесото
Ливана,Ливану,Ливан,Ливаном,о Ливане,в Ливане,ЕдинМуж,Ливаны,Ливанов,Ливанам,Ливаны,Ливанами,о Ливанах,в Ливанах
Ливии,Ливии,Ливию,Ливией,о Ливии,в Ливии,ЕдинЖен
Либерии,Либерии,Либерию,Либерией,о Либерии,в Либерии,ЕдинЖен,Либерии,Либерий,Либериям,Либерии,Либериями,о Либериях,в Либериях
Лихтенштейна,Лихтенштейну,Лихтенштейна,Лихтенштейном,о Лихтенштейне,в Лихтенштейне,ЕдинМуж
Литвы,Литве,Литву,Литвой,о Литве,в Литве,ЕдинЖен,Литвы,Литв,Литвам,Литвы,Литвами,о Литвах,в Литвах
Люксембурга,Люксембургу,Люксембург,Люксембургом,о Люксембурге,в Люксембурге,ЕдинМуж,Люксембурги,Люксембургов,Люксембургам,Люксембурги,Люксембургами,о Люксембургах,в Люксембургах
Маврикия,Маврикию,Маврикия,Маврикием,о Маврикии,в Маврикии,ЕдинМуж
Мавритании,Мавритании,Мавританию,Мавританией,о Мавритании,в Мавритании,ЕдинЖен
Мадагаскара,Мадагаскару,Мадагаскара,Мадагаскаром,о Мадагаскаре,в Мадагаскаре,ЕдинМуж,Мадагаскары,Мадагаскаров,Мадагаскарам,Мадагаскаров,Мадагаскарами,о Мадагаскарах,в Мадагаскарах
Майотты,Майотте,Майотту,Майоттой,о Майотте,в Майотте,ЕдинЖен,Майотты,Майотт,Майоттам,Майотт,Майоттами,о Майоттах,в Майоттах
Макао,Макао,Макао,Макао,о Макао,в Макао,ЕдинМуж,Макао,Макао,Макао,Макао,Макао,о Макао,в Макао
Малави,Малави,Малави,Малави,о Малави,в Малави,ЕдинЖен,Малави,Малави,Малави,Малави,Малави,о Малави,в Малави
Малайзии,Малайзии,Малайзию,Малайзией,о Малайзии,в Малайзии,ЕдинЖен,Малайзии,Малайзий,Малайзиям,Малайзий,Малайзиями,о Малайзиях,в Малайзиях
Мали,Мали,Мали,Мали,о Мали,в Мали,ЕдинЖен,Мали,Мали,Мали,Мали,Мали,о Мали,в Мали
Малых Тихоокеанских отдаленных островов Соединенных Штатов,Малым Тихоокеанским отдаленным островам Соединенных Штатов,Малые Тихоокеанские отдаленные острова Соединенных Штатов,Малыми Тихоокеанскими отдаленными островами Соединенных Штатов,о Малых Тихоокеанских отдаленных островах Соединенных Штатов,на Малых Тихоокеанских отдаленных островах Соединенных Штатов,Множ
Мальдив,Мальдивам,Мальдивы,Мальдивами,о Мальдивах,на Мальдивах,Множ
Мальты,Мальте,Мальту,Мальтой,о Мальте,в Мальте,ЕдинЖен,Мальты,Мальт,Мальтам,Мальты,Мальтами,о Мальтах,в Мальтах
Марокко,Марокко,Марокко,Марокко,о Марокко,в Марокко,ЕдинМуж
Мартиники,Мартинике,Мартинику,Мартиникой,о Мартинике,в Мартинике,ЕдинЖен,Мартиники,Мартиник,Мартиникам,Мартиник,Мартиниками,о Мартиниках,в Мартиниках
Маршалловых островов,Маршалловым островам,Маршалловы острова,Маршалловыми островами,о Маршалловых островах,на Маршалловых островах,Множ
Мексики,Мексике,Мексику,Мексикой,о Мексике,в Мексике,ЕдинЖен,Мексики,Мексик,Мексикам,Мексики,Мексиками,о Мексиках,в Мексиках
"Микронезии, Федеративные Штаты","Микронезии, Федеративные Штаты","Микронезию, Федеративные Штаты","Микронезией, Федеративные Штаты","о Микронезии, Федеративные Штаты","в Микронезии, Федеративные Штаты",ЕдинМуж
Мозамбика,Мозамбику,Мозамбик,Мозамбиком,о Мозамбике,в Мозамбике,ЕдинМуж,Мозамбики,Мозамбиков,Мозамбикам,Мозамбики,Мозамбиками,о Мозамбиках,в Мозамбиках
Молдовы,Молдове,Молдову,Молдовой,о Молдове,в Молдове,ЕдинЖен,Молдовы,Молдов,Молдовам,Молдовы,Молдовами,о Молдовах,в Молдовах
Монако,Монако,Монако,Монако,о Монако,в Монако,ЕдинЖен
Монголии,Монголии,Монголию,Монголией,о Монголии,в Монголии,ЕдинЖен,Монголии,Монголий,Монголиям,Монголий,Монголиями,о Монголиях,в Монголиях
Монтсеррата,Монтсеррату,Монтсеррата,Монтсерратом,о Монтсеррате,в Монтсеррате,ЕдинМуж,Монтсерраты,Монтсерратов,Монтсерратам,Монтсерратов,Монтсерратами,о Монтсерратах,в Монтсерратах
Мьянмы,Мьянме,Мьянму,Мьянмой,о Мьянме,в Мьянме,ЕдинЖен,Мьянмы,Мьянм,Мьянмам,Мьянмы,Мьянмами,о Мьянмах,в Мьянмах
Намибии,Намибии,Намибию,Намибией,о Намибии,в Намибии,ЕдинЖен,Намибии,Намибий,Намибиям,Намибий,Намибиями,о Намибиях,в Намибиях
Науру,Науру,Науру,Науру,о Науру,в Науру,ЕдинМуж,Науру,Науру,Науру,Науру,Науру,о Науру,в Науру
Непала,Непалу,Непала,Непалом,о Непале,в Непале,ЕдинМуж,Непалы,Непалов,Непалам,Непалов,Непалами,о Непалах,в Непалах
Нигера,Нигеру,Нигера,Нигером,о Нигере,в Нигере,ЕдинМуж,Нигеры,Нигеров,Нигерам,Нигеров,Нигерами,о Нигерах,в Нигерах
Нигерии,Нигерии,Нигерию,Нигерией,о Нигерии,в Нигерии,ЕдинЖен,Нигерии,Нигерий,Нигериям,Нигерии,Нигериями,о Нигериях,в Нигериях
Нидерландских Антиллов,Нидерландским Антиллам,Нидерландских Антиллов,Нидерландскими Антиллами,о Нидерландских Антиллах,в Нидерландских Антиллах,Множ
Нидерландов,Нидерландам,Нидерланды,Нидерландами,о Нидерландах,в Нидерландах,Множ
Никарагуа,Никарагуа,Никарагуа,Никарагуа,о Никарагуа,в Никарагуа,ЕдинМуж,Никарагуа,Никарагуа,Никарагуа,Никарагуа,Никарагуа,о Никарагуа,в Никарагуа
Ниуэ,Ниуэ,Ниуэ,Ниуэ,о Ниуэ,в Ниуэ,ЕдинСред,Ниуэ,Ниуэ,Ниуэ,Ниуэ,Ниуэ,о Ниуэ,в Ниуэ
Новой Зеландии,Новой Зеландии,Новую Зеландию,Новой Зеландией,о Новой Зеландии,в Новой Зеландии,ЕдинЖен,Новые Зеландии,Новых Зеландий,Новым Зеландиям,Новые Зеландии,Новыми Зеландиями,о Новых Зеландиях,в Новых Зеландиях
Новой Каледонии,Новой Каледонии,Новую Каледонию,Новой Каледонией,о Новой Каледонии,в Новой Каледонии,ЕдинЖен,Новые Каледонии,Новых Каледоний,Новым Каледониям,Новые Каледонии,Новыми Каледониями,о Новых Каледониях,в Новых Каледониях
Норвегии,Норвегии,Норвегию,Норвегией,о Норвегии,в Норвегии,ЕдинЖен,Норвегии,Норвегий,Норвегиям,Норвегии,Норвегиями,о Норвегиях,в Норвегиях
Объединенных Арабских Эмиратов,Объединенным Арабским Эмиратам,Объединенные Арабские Эмираты,Объединенными Арабскими Эмиратами,об Объединенных Арабских Эмиратах,в Объединенных Арабских Эмиратах,Множ
Омана,Оману,Омана,Оманом,об Омане,в Омане,ЕдинМуж
Острова Клиппертон,Острову Клиппертон,Остров Клиппертон,Островом Клиппертон,об Острове Клиппертон,на Острове Клиппертон,ЕдинМуж,Острова Клиппертон,Островов Клиппертон,Островам Клиппертон,Острова Клиппертон,Островами Клиппертон,об Островах Клиппертон,на Островах Клиппертон
Острова Мэн,Острову Мэн,Остров Мэн,Островом Мэн,об Острове Мэн,на Острове Мэн,ЕдинМуж,Острова Мэн,Островов Мэн,Островам Мэн,Острова Мэн,Островами Мэн,об Островах Мэн,на Островах Мэн
Острова Норфолк,Острову Норфолк,Остров Норфолк,Островом Норфолк,об Острове Норфолк,на Острове Норфолк,ЕдинМуж,Острова Норфолк,Островов Норфолк,Островам Норфолк,Острова Норфолк,Островами Норфолк,об Островах Норфолк,на Островах Норфолк
Острова Рождества,Острову Рождества,Остров Рождества,Островом Рождества,об Острове Рождества,на Острове Рождества,ЕдинМуж,Острова Рождества,Островов Рождества,Островам Рождества,Острова Рождества,Островами Рождества,об Островах Рождества,на Островах Рождества
Острова Святого Мартина,Острову Святого Мартина,Остров Святого Мартина,Островом Святого Мартина,об Острове Святого Мартина,на Острове Святого Мартина,ЕдинМуж,Острова Святого Мартина,Островов Святого Мартина,Островам Святого Мартина,Острова Святого Мартина,Островами Святого Мартина,об Островах Святого Мартина,на Островах Святого Мартина
Каймановых островов,Каймановым островам,Каймановы острова,Каймановыми островами,о Каймановых островах,на Каймановых островах,Множ
Островов Кука,Островам Кука,Острова Кука,Островами Кука,об Островах Кука,на Островах Кука,Множ
Островов Теркс и Кайкос,Островам Теркс и Кайкос,Острова Теркс и Кайкос,Островами Теркс и Кайкос,об Островах Теркс и Кайкос,на Островах Теркс и Кайкос,Множ
Пакистана,Пакистану,Пакистана,Пакистаном,о Пакистане,в Пакистане,ЕдинМуж,Пакистаны,Пакистанов,Пакистанам,Пакистанов,Пакистанами,о Пакистанах,в Пакистанах
Палау,Палау,Палау,Палау,о Палау,в Палау,ЕдинЖен,Палау,Палау,Палау,Палау,Палау,о Палау,в Палау
Палестины,Палестине,Палестину,Палестиной,о Палестине,в Палестине,ЕдинЖен,Палестины,Палестин,Палестинам,Палестины,Палестинами,о Палестинах,в Палестинах
Панамы,Панаме,Панаму,Панамой,о Панаме,в Панаме,ЕдинЖен,Панамы,Панам,Панамам,Панамы,Панамами,о Панамах,в Панамах
Ватикана,Ватикану,Ватикана,Ватиканом,о Ватикане,в Ватикане,ЕдинМуж,Ватиканы,Ватиканов,Ватиканам,Ватиканов,Ватиканами,о Ватиканах,в Ватиканах
Папуа-Новой Гвинея,Папуа-Новой Гвинея,Папуа-Новую Гвинея,Папуа-Новой Гвинея,о Папуа-Новой Гвинея,в Папуа-Новой Гвинея,ЕдинСред,Папуа-Новые Гвинея,Папуа-Новых Гвинея,Папуа-Новым Гвинея,Папуа-Новые Гвинея,Папуа-Новыми Гвинея,о Папуа-Новых Гвинея,в Папуа-Новых Гвинея
Парагвая,Парагваю,Парагвай,Парагваем,о Парагвае,в Парагвае,ЕдинМуж,Парагваи,Парагваев,Парагваям,Парагваи,Парагваями,о Парагваях,в Парагваях
Перу,Перу,Перу,Перу,о Перу,в Перу,ЕдинМуж,Перу,Перу,Перу,Перу,Перу,о Перу,в Перу
Питкерна,Питкерну,Питкерн,Питкерном,о Питкерне,в Питкерне,ЕдинМуж,Питкерны,Питкернов,Питкернам,Питкерны,Питкернами,о Питкернах,в Питкернах
Польши,Польше,Польшу,Польшей,о Польше,в Польше,ЕдинЖен,Польши,Польш,Польшам,Польш,Польшами,о Польшах,в Польшах
Португалии,Португалии,Португалию,Португалией,о Португалии,в Португалии,ЕдинЖен,Португалии,Португалий,Португалиям,Португалии,Португалиями,о Португалиях,в Португалиях
Пуэрто-Рико,Пуэрто-Рико,Пуэрто-Рико,Пуэрто-Рико,о Пуэрто-Рико,в Пуэрто-Рико,ЕдинСред,Пуэрто-Рико,Пуэрто-Рико,Пуэрто-Рико,Пуэрто-Рико,Пуэрто-Рико,о Пуэрто-Рико,в Пуэрто-Рико
Македонии,Македонии,Македонию,Македонией,о Македонии,в Македонии,ЕдинЖен,Македонии,Македоний,Македониям,Македонии,Македониями,о Македониях,в Македониях
Реюньона,Реюньону,Реюньон,Реюньоном,о Реюньоне,в Реюньоне,ЕдинМуж,Реюньоны,Реюньонов,Реюньонам,Реюньоны,Реюньонами,о Реюньонах,в Реюньонах
России,России,Россию,Россией,о России,в России,ЕдинЖен,России,Россий,Россиям,России,Россиями,о Россиях,в Россиях
Руанды,Руанде,Руанду,Руандой,о Руанде,в Руанде,ЕдинЖен,Руанды,Руанд,Руандам,Руанд,Руандами,о Руандах,в Руандах
Румынии,Румынии,Румынию,Румынией,о Румынии,в Румынии,ЕдинЖен,Румынии,Румыний,Румыниям,Румыний,Румыниями,о Румыниях,в Румыниях
Самоа,Самоа,Самоа,Самоа,о Самоа,в Самоа,ЕдинСред,Самоа,Самоа,Самоа,Самоа,Самоа,о Самоа,в Самоа
Сан-Марино,Сан-Марино,Сан-Марино,Сан-Марино,о Сан-Марино,в Сан-Марино,ЕдинМуж
Сан-Томе и Принсипи,Сан-Томе и Принсипи,Сан-Томе и Принсипи,Сан-Томе и Принсипи,о Сан-Томе и Принсипи,в Сан-Томе и Принсипи,ЕдинСред,Сан-Томе и Принсипи,Сан-Томе и Принсипи,Сан-Томе и Принсипи,Сан-Томе и Принсипи,Сан-Томе и Принсипи,о Сан-Томе и Принсипи,в Сан-Томе и Принсипи
Саудовской Аравии,Саудовской Аравии,Саудовскую Аравию,Саудовской Аравией,о Саудовской Аравии,в Саудовской Аравии,ЕдинЖен,Саудовские Аравии,Саудовских Аравий,Саудовским Аравиям,Саудовских Аравий,Саудовскими Аравиями,о Саудовских Аравиях,в Саудовских Аравиях
Свазиленда,Свазиленду,Свазиленда,Свазилендом,о Свазиленде,в Свазиленде,ЕдинМуж,Свазиленды,Свазилендов,Свазилендам,Свазилендов,Свазилендами,о Свазилендах,в Свазилендах
Святой Елены,Святой Елене,Святую Елену,Святой Еленой,о Святой Елене,в Святой Елене,ЕдинЖен
Северной Кореи,Северной Корее,Северную Корею,Северной Кореей,о Северной Корее,в Северной Корее,ЕдинЖен,Северные Кореи,Северных Корей,Северным Кореям,Северные Кореи,Северными Кореями,о Северных Кореях,в Северных Кореях
Северных Марианских островов,Северным Марианским островам,Северные Марианские острова,Северными Марианскими островами,о Северных Марианских островах,на Северных Марианских островах,Множ
Сена-Бартельми,Сену-Бартельми,Сена-Бартельми,Сеном-Бартельми,о Сене-Бартельми,в Сене-Бартельми,ЕдинМуж,Сены-Бартельми,Сенов-Бартельми,Сенам-Бартельми,Сенов-Бартельми,Сенами-Бартельми,о Сенах-Бартельми,в Сенах-Бартельми
Сена-Пьера и Микелона,Сену-Пьеру и Микелону,Сен-Пьер и Микелон,Сеном-Пьером и Микелоном,о Сене-Пьере и Микелоне,в Сене-Пьере и Микелоне,ЕдинМуж,Сены-Пьеры и Микелоны,Сенов-Пьеров и Микелонов,Сенам-Пьерам и Микелонам,Сены-Пьеры и Микелоны,Сенами-Пьерами и Микелонами,о Сенах-Пьерах и Микелонах,в Сенах-Пьерах и Микелонах
Сенегала,Сенегалу,Сенегал,Сенегалом,о Сенегале,в Сенегале,ЕдинМуж,Сенегалы,Сенегалов,Сенегалам,Сенегалы,Сенегалами,о Сенегалах,в Сенегалах
Сента-Винсента и Гренадины,Сенту-Винсенту и Гренадины,Сента-Винсента и Гренадины,Сентом-Винсентом и Гренадины,о Сенте-Винсенте и Гренадины,в Сенте-Винсенте и Гренадины,ЕдинМуж,Сенты-Винсенты и Гренадины,Сентов-Винсентов и Гренадины,Сентам-Винсентам и Гренадины,Сентов-Винсентов и Гренадины,Сентами-Винсентами и Гренадины,о Сентах-Винсентах и Гренадины,в Сентах-Винсентах и Гренадины
Сента-Люсии,Сенту-Люсии,Сента-Люсию,Сентом-Люсией,о Сенте-Люсии,в Сенте-Люсии,ЕдинМуж,Сенты-Люсии,Сентов-Люсий,Сентам-Люсиям,Сентов-Люсий,Сентами-Люсиями,о Сентах-Люсиях,в Сентах-Люсиях
Сента-Китса и Невиса,Сенту-Китсу и Невису,Сент-Китс и Невис,Сентом-Китсом и Невисом,о Сенте-Китсе и Невисе,в Сенте-Китсе и Невисе,ЕдинМуж,Сенты-Китсы и Невисы,Сентов-Китсов и Невисов,Сентам-Китсам и Невисам,Сенты-Китсы и Невисы,Сентами-Китсами и Невисами,о Сентах-Китсах и Невисах,в Сентах-Китсах и Невисах
Сербии,Сербии,Сербию,Сербией,о Сербии,в Сербии,ЕдинЖен,Сербии,Сербий,Сербиям,Сербии,Сербиями,о Сербиях,в Сербиях
Сейшелов,Сейшелам,Сейшелы,Сейшелами,о Сейшелах,в Сейшелах,Множ
Сингапура,Сингапуру,Сингапур,Сингапуром,о Сингапуре,в Сингапуре,ЕдинМуж,Сингапуры,Сингапуров,Сингапурам,Сингапуры,Сингапурами,о Сингапурах,в Сингапурах
Сирии,Сирии,Сирию,Сирией,о Сирии,в Сирии,ЕдинЖен,Сирии,Сирий,Сириям,Сирий,Сириями,о Сириях,в Сириях
Словакии,Словакии,Словакию,Словакией,о Словакии,в Словакии,ЕдинЖен,Словакии,Словакий,Словакиям,Словакий,Словакиями,о Словакиях,в Словакиях
Словений,Словениям,Словения,Словениями,о Словениях,в Словениях,Множ
Великобритании,Великобритании,Великобританию,Великобританией,о Великобритании,в Великобритании,ЕдинЖен,Великобритании,Великобританий,Великобританиям,Великобританий,Великобританиями,о Великобританиях,в Великобританиях
США,США,США,США,О США,В США,Множ
Соломоновых островов,Соломоновым островам,Соломоновы острова,Соломоновыми островами,о Соломоновых островах,на Соломоновых островах,Множ
Сомали,Сомали,Сомали,Сомали,о Сомали,в Сомали,ЕдинМуж,Сомали,Сомали,Сомали,Сомали,Сомали,о Сомали,в Сомали
Судана,Судану,Судан,Суданом,о Судане,в Судане,ЕдинМуж,Суданы,Суданов,Суданам,Суданы,Суданами,о Суданах,в Суданах
Суринама,Суринаму,Суринама,Суринамом,о Суринаме,в Суринаме,ЕдинМуж,Суринамы,Суринамов,Суринамам,Суринамов,Суринамами,о Суринамах,в Суринамах
Сьерры-Леон,Сьерре-Леонам,Сьерру-Леон,Сьеррой-Леонами,о Сьерре-Леонах,в Сьерре-Леонах,ЕдинЖен
Таджикистана,Таджикистану,Таджикистана,Таджикистаном,о Таджикистане,в Таджикистане,ЕдинМуж,Таджикистаны,Таджикистанов,Таджикистанам,Таджикистанов,Таджикистанами,о Таджикистанах,в Таджикистанах
Таиланда,Таиланду,Таиланд,Таиландом,о Таиланде,в Таиланде,ЕдинМуж,Таиланды,Таиландов,Таиландам,Таиланды,Таиландами,о Таиландах,в Таиландах
Танзаний,Танзаниям,Танзания,Танзаниями,о Танзаниях,в Танзаниях,Множ
Тайваня,Тайваню,Тайвань,Тайванем,о Тайване,в Тайване,ЕдинМуж,Тайвани,Тайваней,Тайваням,Тайвани,Тайванями,о Тайванях,в Тайванях
Тимора-Лесте,Тимору-Лесте,Тимор-Лесте,Тимором-Лесте,о Тиморе-Лесте,в Тиморе-Лесте,ЕдинМуж,Тиморы-Лесте,Тиморов-Лесте,Тиморам-Лесте,Тиморы-Лесте,Тиморами-Лесте,о Тиморах-Лесте,в Тиморах-Лесте
Того,Того,Того,Того,о Того,в Того,ЕдинЖен,Того,Того,Того,Того,Того,о Того,в Того
Токелау,Токелау,Токелау,Токелау,о Токелау,в Токелау,ЕдинЖен,Токелау,Токелау,Токелау,Токелау,Токелау,о Токелау,в Токелау
Тонги,Тонге,Тонгу,Тонгой,о Тонге,в Тонге,ЕдинЖен,Тонги,Тонг,Тонгам,Тонги,Тонгами,о Тонгах,в Тонгах
Тринидада и Тобаго,Тринидаду и Тобаго,Тринидада и Тобаго,Тринидадом и Тобаго,о Тринидаде и Тобаго,в Тринидаде и Тобаго,ЕдинМуж,Тринидады и Тобаго,Тринидадов и Тобаго,Тринидадам и Тобаго,Тринидадов и Тобаго,Тринидадами и Тобаго,о Тринидадах и Тобаго,в Тринидадах и Тобаго
Тувалу,Тувалу,Тувалу,Тувалу,о Тувалу,в Тувалу,ЕдинМуж,Тувалу,Тувалу,Тувалу,Тувалу,Тувалу,о Тувалу,в Тувалу
Туниса,Тунису,Туниса,Тунисом,о Тунисе,в Тунисе,ЕдинМуж,Тунисы,Тунисов,Тунисам,Тунисов,Тунисами,о Тунисах,в Тунисах
Туркмении,Туркмении,Туркмению,Туркменией,о Туркмении,в Туркмении,ЕдинЖен,Туркмении,Туркмений,Туркмениям,Туркмении,Туркмениями,о Туркмениях,в Туркмениях
Турции,Турции,Турцию,Турцией,о Турции,в Турции,ЕдинЖен,Турции,Турций,Турциям,Турции,Турциями,о Турциях,в Турциях
Уганды,Уганде,Уганду,Угандой,об Уганде,в Уганде,ЕдинЖен,Уганды,Уганд,Угандам,Уганды,Угандами,об Угандах,в Угандах
Узбекистана,Узбекистану,Узбекистана,Узбекистаном,об Узбекистане,в Узбекистане,ЕдинМуж,Узбекистаны,Узбекистанов,Узбекистанам,Узбекистанов,Узбекистанами,об Узбекистанах,в Узбекистанах
Украины,Украине,Украину,Украиной,об Украине,на Украине,ЕдинЖен,Украины,Украин,Украинам,Украины,Украинами,об Украинах,на Украинах
Уоллиса и Футуна,Уоллису и Футуна,Уоллиса и Футуна,Уоллисом и Футуна,об Уоллисе и Футуна,в Уоллисе и Футуна,ЕдинМуж,Уоллисы и Футуна,Уоллисов и Футуна,Уоллисам и Футуна,Уоллисов и Футуна,Уоллисами и Футуна,об Уоллисах и Футуна,в Уоллисах и Футуна
Уругвая,Уругваю,Уругвай,Уругваем,об Уругвае,в Уругвае,ЕдинМуж,Уругваи,Уругваев,Уругваям,Уругваи,Уругваями,об Уругваях,в Уругваях
Фиджи,Фиджи,Фиджи,Фиджи,о Фиджи,в Фиджи,ЕдинМуж,Фиджи,Фиджи,Фиджи,Фиджи,Фиджи,о Фиджи,в Фиджи
Филиппин,Филиппинам,Филиппины,Филиппинами,о Филиппинах,в Филиппинах,Множ
Финляндии,Финляндии,Финляндию,Финляндией,о Финляндии,в Финляндии,ЕдинЖен,Финляндии,Финляндий,Финляндиям,Финляндий,Финляндиями,о Финляндиях,в Финляндиях
Фолклендских островов (Мальвинских),Фолклендским островам (Мальвинским),Фолклендские острова (Мальвинские),Фолклендскими островами (Мальвинскими),о Фолклендских островах (Мальвинских),в Фолклендских островах (Мальвинских),Множ
Франции,Франции,Францию,Францией,о Франции,во Франции,ЕдинЖен,Франции,Франций,Франциям,Франции,Франциями,о Франциях,во Франциях
Французской Гвианы,Французской Гвиане,Французскую Гвиану,Французской Гвианой,о Французской Гвиане,во Французской Гвиане,ЕдинЖен
Французской Полинезия,Французской Полинезия,Французскую Полинезия,Французской Полинезия,о Французской Полинезия,во Французской Полинезия,ЕдинЖен,Французские Полинезия,Французских Полинезия,Французским Полинезия,Французские Полинезия,Французскими Полинезия,о Французских Полинезия,во Французских Полинезия
Хорватии,Хорватии,Хорватию,Хорватией,о Хорватии,в Хорватии,ЕдинЖен,Хорватии,Хорватий,Хорватиям,Хорватии,Хорватиями,о Хорватиях,в Хорватиях
Центрально-Африканской Республики,Центрально-Африканской Республике,Центрально-Африканскую Республику,Центрально-Африканской Республикой,о Центрально-Африканской Республике,в Центрально-Африканской Республике,ЕдинЖен,Центрально-Африканские Республики,Центрально-Африканских Республик,Центрально-Африканским Республикам,Центрально-Африканские Республики,Центрально-Африканскими Республиками,о Центрально-Африканских Республиках,в Центрально-Африканских Республиках
Чада,Чаду,Чад,Чадом,о Чаде,в Чаду,ЕдинМуж,Чады,Чадов,Чадам,Чады,Чадами,о Чадах,в Чадах
Черногории,Черногории,Черногорию,Черногорией,о Черногории,в Черногории,ЕдинЖен,Черногории,Черногорий,Черногориям,Черногории,Черногориями,о Черногориях,в Черногориях
Чехии,Чехии,Чехию,Чехией,о Чехии,в Чехии,ЕдинЖен,Чехии,Чехий,Чехиям,Чехии,Чехиями,о Чехиях,в Чехиях
Чили,Чили,Чили,Чили,о Чили,в Чили,ЕдинМуж,Чили,Чили,Чили,Чили,Чили,о Чили,в Чили
Швейцарии,Швейцарии,Швейцарию,Швейцарией,о Швейцарии,в Швейцарии,ЕдинЖен,Швейцарии,Швейцарий,Швейцариям,Швейцарии,Швейцариями,о Швейцариях,в Швейцариях
Швеции,Швеции,Швецию,Швецией,о Швеции,в Швеции,ЕдинЖен,Швеции,Швеций,Швециям,Швеции,Швециями,о Швециях,в Швециях
Шпицбергена и Яна Майен,Шпицбергену и Яну Майен,Шпицбергена и Яна Майен,Шпицбергеном и Яном Майен,о Шпицбергене и Яне Майен,в Шпицбергене и Яне Майен,ЕдинМуж,Шпицбергены и Яны Майен,Шпицбергенов и Янов Майен,Шпицбергенам и Янам Майен,Шпицбергенов и Янов Майен,Шпицбергенами и Янами Майен,о Шпицбергенах и Янах Майен,в Шпицбергенах и Янах Майен
Шри-Ланки,Шри-Ланке,Шри-Ланку,Шри-Ланкой,о Шри-Ланке,в Шри-Ланке,ЕдинЖен,Шри-Ланки,Шри-Ланк,Шри-Ланкам,Шри-Ланки,Шри-Ланками,о Шри-Ланках,в Шри-Ланках
Эквадора,Эквадору,Эквадора,Эквадором,об Эквадоре,в Эквадоре,ЕдинМуж,Эквадоры,Эквадоров,Эквадорам,Эквадоров,Эквадорами,об Эквадорах,в Эквадорах
Экваториальной Гвинеи,Экваториальной Гвинее,Экваториальную Гвинею,Экваториальной Гвинеей,об Экваториальной Гвинее,в Экваториальной Гвинее,ЕдинЖен,Экваториальные Гвинеи,Экваториальных Гвиней,Экваториальным Гвинеям,Экваториальных Гвиней,Экваториальными Гвинеями,об Экваториальных Гвинеях,в Экваториальных Гвинеях
Эландских островов,Эландским островам,Эландские острова,Эландскими островами,об Эландских островах,на Эландских островах,Множ
Эля-Сальвадора,Элю-Сальвадору,Эль-Сальвадор,Элем-Сальвадором,об Эле-Сальвадоре,в Эле-Сальвадоре,ЕдинМуж,Эли-Сальвадоры,Элей-Сальвадоров,Элям-Сальвадорам,Эли-Сальвадоры,Элями-Сальвадорами,об Элях-Сальвадорах,в Элях-Сальвадорах
Эритреи,Эритрее,Эритрею,Эритреей,об Эритрее,в Эритрее,ЕдинЖен,Эритреи,Эритрей,Эритреям,Эритрей,Эритреями,об Эритреях,в Эритреях
Эстонии,Эстонии,Эстонию,Эстонией,об Эстонии,в Эстонии,ЕдинЖен,Эстонии,Эстоний,Эстониям,Эстоний,Эстониями,об Эстониях,в Эстониях
Эфиопии,Эфиопии,Эфиопию,Эфиопией,об Эфиопии,в Эфиопии,ЕдинЖен,Эфиопии,Эфиопий,Эфиопиям,Эфиопии,Эфиопиями,об Эфиопиях,в Эфиопиях
Южной Африка,Южной Африка,Южную Африка,Южной Африка,о Южной Африка,в Южной Африка,ЕдинЖен,Южные Африка,Южных Африка,Южным Африка,Южные Африка,Южными Африка,о Южных Африка,в Южных Африка
Южной Кореи,Южной Корее,Южную Корею,Южной Кореей,о Южной Корее,в Южной Корее,ЕдинЖен,Южные Кореи,Южных Корей,Южным Кореям,Южные Кореи,Южными Кореями,о Южных Кореях,в Южных Кореях
Ямайки,Ямайке,Ямайку,Ямайкой,о Ямайке,на Ямайке,ЕдинЖен,Ямайки,Ямаек,Ямайкам,Ямайки,Ямайками,о Ямайках,на Ямайках
Японии,Японии,Японию,Японией,о Японии,в Японии,ЕдинЖен,Японии,Японий,Япониям,Японий,Япониями,о Япониях,в Япониях
Маврикия,Маврикию,Маврикия,Маврикием,о Маврикии,в Маврикии,ЕдинМуж
