Калифорнии,Калифорнии,Калифорнию,Калифорнией,о Калифорнии,в Калифорнии,ЕдинЖен,Калифорнии,Калифорний,Калифорниям,Калифорний,Калифорниями,о Калифорниях,в Калифорниях
Нью-Мехико,Нью-Мехико,Нью-Мехико,Нью-Мехико,о Нью-Мехико,в Нью-Мехико,ЕдинМуж
Аляски,Аляске,Аляску,Аляской,об Аляске,в Аляске,ЕдинЖен,Аляски,Алясок,Аляскам,Аляски,Алясками,об Алясках,в Алясках
Орегона,Орегону,Орегон,Орегоном,об Орегоне,в Орегоне,ЕдинМуж,Орегоны,Орегонов,Орегонам,Орегоны,Орегонами,об Орегонах,в Орегонах
Флориды,Флориде,Флориду,Флоридой,о Флориде,во Флориде,ЕдинЖен
Небраски,Небраске,Небраску,Небраской,о Небраске,в Небраске,ЕдинЖен,Небраски,Небрасок,Небраскам,Небраски,Небрасками,о Небрасках,в Небрасках
Мичигана,Мичигану,Мичигана,Мичиганом,о Мичигане,в Мичигане,ЕдинМуж,Мичиганы,Мичиганов,Мичиганам,Мичиганов,Мичиганами,о Мичиганах,в Мичиганах
Гавайев,Гавайям,Гавайи,Гавайями,о Гавайях,на Гавайях,Множ
Пенсильваний,Пенсильваниям,Пенсильвания,Пенсильваниями,о Пенсильваниях,в Пенсильваниях,Множ
Огайо,Огайо,Огайо,Огайо,об Огайо,в Огайо,ЕдинМуж,Огайо,Огайо,Огайо,Огайо,Огайо,об Огайо,в Огайо
Южной Каролины,Южной Каролине,Южную Каролину,Южной Каролиной,о Южной Каролине,в Южной Каролине,ЕдинЖен
Южной Дакоты,Южной Дакоте,Южную Дакоту,Южной Дакотой,о Южной Дакоте,в Южной Дакоте,ЕдинЖен,Южные Дакоты,Южных Дакот,Южным Дакотам,Южные Дакоты,Южными Дакотами,о Южных Дакотах,в Южных Дакотах
Аризоны,Аризоне,Аризону,Аризоной,об Аризоне,в Аризоне,ЕдинЖен,Аризоны,Аризон,Аризонам,Аризоны,Аризонами,об Аризонах,в Аризонах
Луизианы,Луизиане,Луизиану,Луизианой,о Луизиане,в Луизиане,ЕдинЖен,Луизианы,Луизиан,Луизианам,Луизиан,Луизианами,о Луизианах,в Луизианах
Индианы,Индиане,Индиану,Индианой,об Индиане,в Индиане,ЕдинЖен,Индианы,Индиан,Индианам,Индианы,Индианами,об Индианах,в Индианах
Вирджинии,Вирджинии,Вирджинию,Вирджинией,о Вирджинии,в Вирджинии,ЕдинЖен
Техаса,Техасу,Техаса,Техасом,о Техасе,в Техасе,ЕдинМуж,Техасы,Техасов,Техасам,Техасов,Техасами,о Техасах,в Техасах
Миссисипей,Миссисипям,Миссисипи,Миссисипями,о Миссисипях,в Миссисипях,Множ
Миссурей,Миссурям,Миссури,Миссурями,о Миссурях,в Миссурях,Множ
Висконсина,Висконсину,Висконсин,Висконсином,о Висконсине,в Висконсине,ЕдинМуж,Висконсины,Висконсинов,Висконсинам,Висконсины,Висконсинами,о Висконсинах,в Висконсинах
Нью-Йорка,Нью-Йорку,Нью-Йорк,Нью-Йорком,о Нью-Йорке,в Нью-Йорке,ЕдинЖен,Нью-Йорки,Нью-Йорков,Нью-Йоркам,Нью-Йорки,Нью-Йорками,о Нью-Йорках,в Нью-Йорках
Массачусетса,Массачусетсу,Массачусетса,Массачусетсом,о Массачусетсе,в Массачусетсе,ЕдинМуж,Массачусетсы,Массачусетсов,Массачусетсам,Массачусетсов,Массачусетсами,о Массачусетсах,в Массачусетсах
Иллинойса,Иллинойсу,Иллинойса,Иллинойсом,об Иллинойсе,в Иллинойсе,ЕдинМуж,Иллинойсы,Иллинойсов,Иллинойсам,Иллинойсов,Иллинойсами,об Иллинойсах,в Иллинойсах
Айовы,Айове,Айову,Айовой,об Айове,в Айове,ЕдинЖен,Айовы,Айов,Айовам,Айовы,Айовами,об Айовах,в Айовах
Нью-Джерси,Нью-Джерси,Нью-Джерси,Нью-Джерси,о Нью-Джерси,в Нью-Джерси,ЕдинЖен,Нью-Джерси,Нью-Джерси,Нью-Джерси,Нью-Джерси,Нью-Джерси,о Нью-Джерси,в Нью-Джерси
Северной Каролины,Северной Каролине,Северную Каролину,Северной Каролиной,о Северной Каролине,в Северной Каролине,ЕдинЖен
Вашингтона,Вашингтону,Вашингтон,Вашингтоном,о Вашингтоне,в Вашингтоне,ЕдинМуж,Вашингтоны,Вашингтонов,Вашингтонам,Вашингтоны,Вашингтонами,о Вашингтонах,в Вашингтонах
Коннектикута,Коннектикуту,Коннектикут,Коннектикутом,о Коннектикуте,в Коннектикуте,ЕдинМуж,Коннектикуты,Коннектикутов,Коннектикутам,Коннектикуты,Коннектикутами,о Коннектикутах,в Коннектикутах
Нью-Гемпшира,Нью-Гемпширу,Нью-Гемпшир,Нью-Гемпширом,о Нью-Гемпшире,в Нью-Гемпшире,ЕдинЖен,Нью-Гемпширы,Нью-Гемпширов,Нью-Гемпширам,Нью-Гемпширы,Нью-Гемпширами,о Нью-Гемпширах,в Нью-Гемпширах
Миннесоты,Миннесоте,Миннесоту,Миннесотой,о Миннесоте,в Миннесоте,ЕдинЖен,Миннёсоты,Миннёсот,Миннёсотам,Миннёсоты,Миннёсотами,о Миннёсотах,в Миннёсотах
Невады,Неваде,Неваду,Невадой,о Неваде,в Неваде,ЕдинЖен,Невады,Невад,Невадам,Невады,Невадами,о Невадах,в Невадах
Колумбии,Колумбии,Колумбию,Колумбией,о Колумбии,в Колумбии,ЕдинЖен,Колумбии,Колумбий,Колумбиям,Колумбии,Колумбиями,о Колумбиях,в Колумбиях
Алабамы,Алабаме,Алабаму,Алабамой,об Алабаме,в Алабаме,ЕдинЖен,Алабамы,Алабам,Алабамам,Алабамы,Алабамами,об Алабамах,в Алабамах
Арканзаса,Арканзасу,Арканзаса,Арканзасом,об Арканзасе,в Арканзасе,ЕдинМуж,Арканзасы,Арканзасов,Арканзасам,Арканзасов,Арканзасами,об Арканзасах,в Арканзасах
Оклахомы,Оклахоме,Оклахому,Оклахомой,об Оклахоме,в Оклахоме,ЕдинМуж,Оклахомы,Оклахом,Оклахомам,Оклахом,Оклахомами,об Оклахомах,в Оклахомах
Кентукков,Кентуккам,Кентукки,Кентукками,о Кентукках,в Кентукках,Множ
Острова Род,Острову Род,Остров Род,Островом Род,об Острове Род,на Острове Род,ЕдинМуж,Острова Род,Островов Род,Островам Род,Острова Род,Островами Род,об Островах Род,на Островах Род
Западной Вирджинии,Западной Вирджинии,Западную Вирджинию,Западной Вирджинией,о Западной Вирджинии,в Западной Вирджинии,ЕдинЖен
Колорадо,Колорадо,Колорадо,Колорадо,о Колорадо,в Колорадо,ЕдинСред,Колорадо,Колорадо,Колорадо,Колорадо,Колорадо,о Колорадо,в Колорадо
Айдаха,Айдаху,Айдаха,Айдахом,об Айдахе,в Айдахе,ЕдинМуж,Айдахи,Айдахов,Айдахам,Айдахов,Айдахами,об Айдахах,в Айдахах
Северной Дакоты,Северной Дакоте,Северную Дакоту,Северной Дакотой,о Северной Дакоте,в Северной Дакоте,ЕдинЖен,Северные Дакоты,Северных Дакот,Северным Дакотам,Северные Дакоты,Северными Дакотами,о Северных Дакотах,в Северных Дакотах
Юты,Юте,Юту,Ютой,о Юте,в Юте,ЕдинЖен
Канзаса,Канзасу,Канзаса,Канзасом,о Канзасе,в Канзасе,ЕдинМуж,Канзасы,Канзасов,Канзасам,Канзасов,Канзасами,о Канзасах,в Канзасах
Мэна,Мэну,Мэна,Мэном,о Мэне,в Мэне,ЕдинМуж,Мэны,Мэнов,Мэнам,Мэнов,Мэнами,о Мэнах,в Мэнах
Монтаны,Монтане,Монтану,Монтаной,о Монтане,в Монтане,ЕдинЖен,Монтаны,Монтан,Монтанам,Монтан,Монтанами,о Монтанах,в Монтанах
Джорджии,Джорджии,Джорджию,Джорджией,о Джорджии,в Джорджии,ЕдинЖен,Джорджии,Джорджий,Джорджиям,Джорджии,Джорджиями,о Джорджиях,в Джорджиях
Идаха,Идаху,Идаха,Идахом,об Идахе,в Идахе,ЕдинМуж,Идахи,Идахов,Идахам,Идахов,Идахами,об Идахах,в Идахах
Вермонта,Вермонту,Вермонта,Вермонтом,о Вермонте,в Вермонте,ЕдинМуж,Вермонты,Вермонтов,Вермонтам,Вермонтов,Вермонтами,о Вермонтах,в Вермонтах
Делавара,Делавару,Делавар,Делаваром,о Делаваре,в Делаваре,ЕдинМуж,Делавары,Делаваров,Делаварам,Делавары,Делаварами,о Делаварах,в Делаварах
Вайоминга,Вайомингу,Вайоминга,Вайомингом,о Вайоминге,в Вайоминге,ЕдинМуж,Вайоминги,Вайомингов,Вайомингам,Вайомингов,Вайомингами,о Вайомингах,в Вайомингах
Теннесей,Теннесям,Теннеси,Теннесями,о Теннесях,в Теннесях,Множ
Джордии,Джордии,Джордию,Джордией,о Джордии,в Джордии,ЕдинЖен,Джордии,Джордий,Джордиям,Джордий,Джордиями,о Джордиях,в Джордиях
Мериленда,Мериленду,Мериленда,Мерилендом,о Мериленде,в Мериленде,ЕдинМуж,Мериленды,Мерилендов,Мерилендам,Мерилендов,Мерилендами,о Мерилендах,в Мерилендах
Небрасы,Небрасе,Небрасу,Небрасой,о Небрасе,в Небрасе,ЕдинЖен,Небрасы,Небрас,Небрасам,Небрасы,Небрасами,о Небрасах,в Небрасах
Азорских островов,Азорским островам,Азорские острова,Азорскими островами,об Азорских островах,на Азорских островах,Множ
Капри,Капри,Капри,Капри,о Капри,в Капри,ЕдинСред,Капри,Капри,Капри,Капри,Капри,о Капри,в Капри
Сардинии,Сардинии,Сардинию,Сардинией,о Сардинии,в Сардинии,ЕдинЖен,Сардинии,Сардиний,Сардиниям,Сардиний,Сардиниями,о Сардиниях,в Сардиниях
