завтра;date
послезавтра;date

понедельник;date
вторник;date
среда;date
четверг;date
пятница;date
суббота;date
воскресенье;date

январь;date
февраль;date
март;date
апрель;date
май;date
июнь;date
июль;date
август;date
сентябрь;date
октябрь;date
ноябрь;date
декабрь;date

вдвоем;people
втроем;people
вчетвером;people
впятером;people

бизнес-класс;comfort
эконом-класс;comfort

Boeing;aircraft
Airbus;aircraft
Боинг;aircraft
Эйрбас;aircraft

Мальдивы;country;MV;Maldives
Великобритания;country;GB;United Kingdom:Англия:Британия:Соединенное Королевство
США;country;US;United States:Америка:Пиндостан:Соединенные Штаты:пиндосия
Франция;country;FR;France
Мальта;country;MT;Malta
Греция;country;GR;Greece
Нидерланды;country;NL;Netherlands:голландия
Таиланд;country;TH;Thailand:тайланд
Южная Корея;country;KR;Korea, South
Австралия;country;AU;Australia
Австрия;country;AT;Austria
Азербайджан;country;AZ;Azerbaijan
Албания;country;AL;Albania
Алжир;country;DZ;Algeria
Американское Самоа;country;AS;American Samoa
Ангилья;country;AI;Anguilla
Ангола;country;AO;Angola
Андорра;country;AD;Andorra
Антарктида;country;AQ;Antarctica
Антигуа и Барбуда;country;AG;Antigua and Barbuda
Аргентина;country;AR;Argentina
Армения;country;AM;Armenia
Аруба;country;AW;Aruba
Афганистан;country;AF;Afghanistan
Багамы;country;BS;Bahamas, The
Бангладеш;country;BD;Bangladesh
Барбадос;country;BB;Barbados
Бахрейн;country;BH;Bahrain
Беларусь;country;BY;Belarus
Белиз;country;BZ;Belize
Бельгия;country;BE;Belgium
Бенин;country;BJ;Benin
Бермуды;country;BM;Bermuda
Болгария;country;BG;Bulgaria
Боливия;country;BO;Bolivia
Босния и Герцеговина;country;BA;Bosnia and Herzegovina
Ботсвана;country;BW;Botswana
Бразилия;country;BR;Brazil
Британская территория в Индийском океане;country;IO;British Indian Ocean Territory
Бруней-Даруссалам;country;BN;Brunei
Буркина-Фасо;country;BF;Burkina Faso
Бурунди;country;BI;Burundi
Бутан;country;BT;Bhutan
Вануату;country;VU;Vanuatu
Венгрия;country;HU;Hungary
Венесуэла;country;VE;Venezuela
Виргинские острова, Британские;country;VG;British Virgin Islands
Виргинские острова, США;country;VI;Virgin Islands
Вьетнам;country;VN;Vietnam
Габон;country;GA;Gabon
Гаити;country;HT;Haiti
Гайана;country;GY;Guyana
Гамбия;country;GM;Gambia, The
Гана;country;GH;Ghana
Гваделупа;country;GP;Guadeloupe
Гватемала;country;GT;Guatemala
Гвинея;country;GN;Guinea
Гвинея-Бисау;country;GW;Guinea-Bissau
Германия;country;DE;Germany
Гернси;country;GG;Guernsey
Гибралтар;country;GI;Gibraltar
Гондурас;country;HN;Honduras
Гонконг;country;HK;Hong Kong
Гренада;country;GD;Grenada
Гренландия;country;GL;Greenland
Грузия;country;GE;Georgia
Гуам;country;GU;Guam
Дания;country;DK;Denmark
Джерси;country;JE;Jersey
Джибути;country;DJ;Djibouti
Доминика;country;DM;Dominica
Доминиканская Республика;country;DO;Dominican Republic
Египет;country;EG;Egypt:ебипет
Замбия;country;ZM;Zambia
Западная Сахара;country;EH;Western Sahara
Зимбабве;country;ZW;Zimbabwe
Израиль;country;IL;Israel
Индия;country;IN;India
Индонезия;country;ID;Indonesia
Иордания;country;JO;Jordan
Ирак;country;IQ;Iraq
Иран;country;IR;Iran:Исламская Республика Иран
Ирландия;country;IE;Ireland
Исландия;country;IS;Iceland
Испания;country;ES;Spain
Италия;country;IT;Italy
Йемен;country;YE;Yemen
Кабо-Верде;country;CV;Cape Verde
Казахстан;country;KZ;Kazakhstan
Камбоджа;country;KH;Cambodia
Камерун;country;CM;Cameroon
Канада;country;CA;Canada
Катар;country;QA;Qatar
Кения;country;KE;Kenya
Кипр;country;CY;Cyprus
Киргизия;country;KG;Kyrgyzstan
Кирибати;country;KI;Kiribati
Китай;country;CN;China
Кокосовые (Килинг) острова;country;CC;Cocos (Keeling) Islands
Колумбия;country;CO;Colombia
Коморы;country;KM;Comoros
Республика Конго;country;CG;Congo, Republic of the
Демократическая Республика Конго;country;CD;Congo, Democratic Republic of the
Косово;country;;Kosovo
Коста-Рика;country;CR;Costa Rica
Кот д'Ивуар;country;CI;Cote d'Ivoire
Куба;country;CU;Cuba
Кувейт;country;KW;Kuwait
Лаос;country;LA;Laos
Латвия;country;LV;Latvia
Лесото;country;LS;Lesotho
Ливан;country;LB;Lebanon
Ливия;country;LY;Libya:Ливийская Арабская Джамахирия
Либерия;country;LR;Liberia
Лихтенштейн;country;LI;Liechtenstein
Литва;country;LT;Lithuania
Люксембург;country;LU;Luxembourg
Маврикий;country;MU;Mauritius
Мавритания;country;MR;Mauritania
Мадагаскар;country;MG;Madagascar
Майотта;country;YT;Mayotte
Макао;country;MO;Macau
Малави;country;MW;Malawi
Малайзия;country;MY;Malaysia
Мали;country;ML;Mali
Малые Тихоокеанские отдаленные острова Соединенных Штатов;country;UM;United States Pacific Island Wildlife Refuges
Марокко;country;MA;Morocco
Мартиника;country;MQ;Martinique
Маршалловы острова;country;MH;Marshall Islands
Мексика;country;MX;Mexico
Микронезия, Федеративные Штаты;country;FM;Micronesia, Federated States of
Мозамбик;country;MZ;Mozambique
Молдова;country;MD;Moldova:республика молдова:молдавия
Монако;country;MC;Monaco
Монголия;country;MN;Mongolia
Монтсеррат;country;MS;Montserrat
Мьянма;country;MM;Burma:бирма
Намибия;country;NA;Namibia
Науру;country;NR;Nauru
Непал;country;NP;Nepal
Нигер;country;NE;Niger
Нигерия;country;NG;Nigeria
Нидерландские Антиллы;country;AN;Netherlands Antilles:антилы:антильские острова
Никарагуа;country;NI;Nicaragua
Ниуэ;country;NU;Niue
Новая Зеландия;country;NZ;New Zealand
Новая Каледония;country;NC;New Caledonia
Норвегия;country;NO;Norway
Объединенные Арабские Эмираты;country;AE;United Arab Emirates:ОАЭ
Оман;country;OM;Oman
Остров Буве;country;BV;Bouvet Island
Остров Клиппертон;country;CP;Clipperton Island
Остров Мэн;country;IM;Isle of Man
Остров Норфолк;country;NF;Norfolk Island
Остров Рождества;country;CX;Christmas Island
Остров Святого Мартина;country;MF;Saint Martin
Остров Херд и острова Макдональд;country;HM;Heard Island and McDonald Islands
Каймановы острова;country;KY;Cayman Islands:Острова Кайман
Острова Кука;country;CK;Cook Islands
Острова Теркс и Кайкос;country;TC;Turks and Caicos Islands
Пакистан;country;PK;Pakistan
Палау;country;PW;Palau
Палестина;country;PS;Palestinian Territory, Occupied:Палестинская территория:оккупированная
Панама;country;PA;Panama
Ватикан;country;VA;Holy See (Vatican City):Папский Престол (Государство-город Ватикан)
Папуа-Новая Гвинея;country;PG;Papua New Guinea
Парагвай;country;PY;Paraguay
Перу;country;PE;Peru
Питкерн;country;PN;Pitcairn
Польша;country;PL;Poland
Португалия;country;PT;Portugal
Пуэрто-Рико;country;PR;Puerto Rico
Македония;country;MK;Macedonia:Республика Македония
Реюньон;country;RE;Reunion
Россия;country;RU;Russia
Руанда;country;RW;Rwanda
Румыния;country;RO;Romania
Самоа;country;WS;Samoa
Сан-Марино;country;SM;San Marino
Сан-Томе и Принсипи;country;ST;Sao Tome and Principe
Саудовская Аравия;country;SA;Saudi Arabia
Свазиленд;country;SZ;Swaziland
Святая Елена;country;SH;Saint Helena
Северная Корея;country;KP;North Korea:кндр
Северные Марианские острова;country;MP;Northern Mariana Islands
Сен-Бартельми;country;BL;Saint Barthélemy
Сен-Пьер и Микелон;country;PM;Saint Pierre and Miquelon
Сенегал;country;SN;Senegal
Сент-Винсент и Гренадины;country;VC;Saint Vincent and the Grenadines
Сент-Люсия;country;LC;Saint Lucia
Сент-Китс и Невис;country;KN;Saint Kitts and Nevis
Сербия;country;RS;Serbia
Сейшелы;country;SC;Seychelles
Сингапур;country;SG;Singapore
Сирия;country;SY;Syria:Сирийская Арабская Республика
Словакия;country;SK;Slovakia
Словения;country;SI;Slovenia
Соломоновы острова;country;SB;Solomon Islands
Сомали;country;SO;Somalia
Судан;country;SD;Sudan
Суринам;country;SR;Suriname
Сьерра-Леоне;country;SL;Sierra Leone
Таджикистан;country;TJ;Tajikistan
Танзания;country;TZ;Tanzania:Объединенная Республика Танзания
Тайвань;country;TW;Taiwan
Тимор-Лесте;country;TL;Timor-Leste
Того;country;TG;Togo
Токелау;country;TK;Tokelau
Тонга;country;TO;Tonga
Тринидад и Тобаго;country;TT;Trinidad and Tobago
Тувалу;country;TV;Tuvalu
Тунис;country;TN;Tunisia
Туркмения;country;TM;Turkmenistan
Турция;country;TR;Turkey
Уганда;country;UG;Uganda
Узбекистан;country;UZ;Uzbekistan
Украина;country;UA;Ukraine:хохляндия
Уоллис и Футуна;country;WF;Wallis and Futuna
Уругвай;country;UY;Uruguay
Фарерские острова;country;FO;Faroe Islands
Фиджи;country;FJ;Fiji
Филиппины;country;PH;Philippines
Финляндия;country;FI;Finland
Фолклендские острова (Мальвинские);country;FK;Falkland Islands (Islas Malvinas)
Французская Гвиана;country;GF;French Guiana
Французская Полинезия;country;PF;French Polynesia
Французские Южные территории;country;TF;French Southern Lands
Хорватия;country;HR;Croatia
Центрально-Африканская Республика;country;CF;Central African Republic
Чад;country;TD;Chad
Черногория;country;ME;Montenegro
Чехия;country;CZ;Czech Republic:Чешская Республика:чехня
Чили;country;CL;Chile
Швейцария;country;CH;Switzerland
Швеция;country;SE;Sweden
Шпицберген и Ян Майен;country;SJ;Svalbard and Jan Mayen
Шри-Ланка;country;LK;Sri Lanka:цейлон
Эквадор;country;EC;Ecuador
Экваториальная Гвинея;country;GQ;Equatorial Guinea
Эландские острова;country;AX;Åland Islands
Эль-Сальвадор;country;SV;El Salvador
Эритрея;country;ER;Eritrea
Эстония;country;EE;Estonia
Эфиопия;country;ET;Ethiopia
Южная Африка;country;ZA;South Africa
Южная Джорджия и Южные Сандвичевы острова;country;GS;South Georgia and the South Sandwich Islands
Ямайка;country;JM;Jamaica
Япония;country;JP;Japan
Нью-Йорк;city;NYC;
Париж;city;PAR;
Лондон;city;LON;
Лос-Анжелес;city;LAX;:лос-анджелес:лосанджелес:лосанжелес
Москва;city;MOW;
Рим;city;ROM;
Стамбул;city;IST;
Римини;city;RMI;
Бангкок;city;BKK;:банкок
Самара;city;KUF;
Варшава;city;WAW;
Прага;city;PRG;
Ибица;city;IBZ;
Пермь;city;PEE;
Хельсинки;city;HEL;
Кайо Ларго;city;CYO;:Кайо Ларго Дель Сур:кайо-ларго
Венеция;city;VCE;
Стокгольм;city;STO;
Санкт-Петербург;city;LED;:питер:спб:ленинград
Куала-Лумпур;city;KUL;:коала лумпур
Ганновер;city;HAJ;:гановер
Тель-Авив;city;TLV;
Франкфурт;city;FRA;
Пекин;city;BJS;
Сидней;city;SYD;
Бастия;city;BIA;
Варадеро;city;VRA;
Давид;city;DAV;
Йонаго;city;YGJ;
Колумбус;city;CUS;
Лиллехаммер;city;XXL;
Менди;city;MDU;
Нулато;city;NUL;
Понпеи;city;PNI;
Сальтильо;city;SLW;
Сондал;city;SOG;
Тули-Блок;city;TLD;
Хили Лейк;city;HKB;
Юджин;city;EUG;
Абадан;city;ABD;
Бат;city;QQX;
Варанаси;city;VNS;
Даегу;city;TAE;
Йончепинг;city;JKG;
Колумбус;city;GTR;
Лилль;city;LIL;
Мендоса;city;MDZ;
Нулларбор;city;NUR;
Понс;city;PSE;
Сальто;city;STY;
Сондерборг;city;SGD;
Тулон;city;TLN;
Хиллсборо;city;HIO;
Южно-Сахалинск;city;UUS;
Абакан;city;ABA;
Батам;city;BTH;
Вардо;city;VAW;
Дайтона Бич;city;DAB;
Йорк;city;QQY;
Колумбус;city;OLU;
Лилонгве;city;LLW;
Меномини;city;MNM;
Нуса;city;NSA;
Понта-Делгада;city;PDL;
Самана;city;EPS;
Сорокаба;city;SOD;
Тулуза;city;TLS;
Хило;city;ITO;
Юист;city;JUI;
Абботсфорд;city;YXX;
Батерст;city;BHS;
Варжинья;city;VAG;
Дакар;city;DKR;
Йорк;city;THV;
Комацу;city;KMQ;
Лима;city;AOH;
Менорка;city;MAH;
Нутодден;city;NTB;
Понта-Пора;city;PMG;
Соронг;city;SOQ;
Тулум;city;TUY;
Хилтон-Хед;city;HHH;
Юливиеска;city;YLI;
Абердин;city;ABR;
Батерст-Айленд;city;BRT;
Варкаус;city;VRK;
Даламан;city;DLM;
Йорктон;city;YQV;
Комаягуа;city;XPL;
Лима;city;LIM;
Менсфилд;city;MFD;
Нуук;city;GOH;
Понтиак;city;PTK;
Самарканд;city;SKD;
Сорренто;city;RRO;
Тумбес;city;TBP;
Хиос;city;JKH;
Юма;city;YUM;
Абердин;city;ABZ;
Батон-Руж;city;BTR;
Варна;city;VAR;
Далат;city;DLI;
Йосу;city;RSU;
Комисо;city;CIY;
Лимбанг;city;LMN;
Мерида;city;MID;
Нуэва-Герона;city;GER;
Понтуаз;city;POX;
Самбава;city;SVB;
Соут Бенд;city;SBN;
Тунис;city;TUN;
Хиросима;city;HIJ;
Юнион-Айленд;city;UNI;
Абиджан;city;ABJ;
Батсфьорд;city;BJF;
Варрнамбул;city;WMB;
Дали;city;DLU;
Йотвата;city;YOT;
Комодоро-Ривадавиа;city;CRD;
Лимнос;city;LXS;
Мерида;city;MRD;
Нуэво-Ларедо;city;NLD;
Попайан;city;PPN;
Самбуру;city;UAS;
София;city;SOF;
Тунси;city;TXN;
Хлухлуве;city;HLW;
Юрека;city;ACV;
Абингдон;city;VJI;
Батуми;city;BUS;
Даллас;city;DFW;
Йоханнесбург;city;JNB;
Комокс;city;YQQ;
Лимож;city;LIG;
Меридиан;city;MEI;
Нха Транг;city;NHA;
Поплар Блафф;city;POF;
Самос;city;SMI;
Сочи;city;AER;
Тупело;city;TUP;
Хобарт;city;HBA;
Юслесс-Луп;city;USL;
Абу-Даби;city;AUH;
Батхерст;city;ZBF;
Васкаганиш;city;YKQ;
Даллас;city;DLS;
Йоэнсуу;city;JOE;
Комсомольск-на-Амуре;city;KXK;
Лимон;city;LIO;
Меримбула;city;MIM;
Ньери;city;NYE;
Порбандар;city;PBD;
Самсун;city;SSX;
Спарта;city;CMY;
Тур;city;TUF;
Хоббс;city;HOB;
Ютика;city;UCA;
Абуджа;city;ABV;
Баукау;city;BCH;
Вастерас;city;VST;
Далян;city;DLC;
Кабимас;city;CBS;
Кона;city;KOA;
Лин Лин;city;LLF;
Мерисвилль;city;MYV;
Нью Бедфорд;city;EWB;
Пори;city;POR;
Самтер;city;SUM;
Спарта;city;SAR;
Тураиф;city;TUI;
Ходейда;city;HOD;
Язд;city;AZD;
Абу-Симбел;city;ABS;
Бауру;city;BAU;
Ватерлоо;city;ALO;
Дамаск;city;DAM;
Кабо Фрио;city;CFB;
Конакри;city;CKY;
Линден;city;LDJ;
Меррит;city;YMB;
Нью Берн;city;EWN;
Порламар;city;PMV;
Сан Анджело;city;SJT;
Спенсер;city;SPW;
Турбат;city;TUK;
Ходспрут;city;HDS;
Якима;city;YKM;
Абха;city;AHB;
Бахар-Дар;city;BJR;
Ватсонвилль;city;WVI;
Даммам;city;DMM;
Кабул;city;KBL;
Конкорд;city;CCR;
Линкольн;city;LNK;
Мерсед;city;MCE;
Нью Лондон;city;GON;
Порт Анжелес;city;CLM;
Сан Висенте;city;VXE;
Сперфиш;city;SPF;
Турин;city;TRN;
Хокитика;city;HKK;
Якутат;city;YAK;
Авиньон;city;AVN;
Бедвелл-Харбор;city;YBW;
Ватфорд;city;XWA;
Да-Нанг;city;DAD;
Кавалла;city;KVA;
Конкорд;city;CON;
Линн-Лейк;city;YYL;
Меса;city;MSC;
Нью Ульм;city;ULM;
Порт Макгуайр;city;PQQ;
Сан Джованни Ротондо;city;GBN;
Спиддал;city;NNR;
Туркменабад;city;CRZ;
Холихед;city;HLY;
Якутск;city;YKS;
Аврора;city;AUZ;
Беджайя;city;BJA;
Ваукеган;city;UGN;
Данбери;city;DXR;
Кавьенг;city;KVG;
Конкордия;city;COC;
Линц;city;LNZ;
Мескит;city;MFH;
Ньюарк;city;EWR;
Порт Харди;city;YZT;
Сан Домино Айленд;city;TQR;
Сплит;city;SPU;
Туркменбаши;city;KRW;
Холланд;city;HLM;
Ямагата;city;GAJ;
Агадир;city;AGA;
Бедури;city;BEU;
Ваусау;city;AUW;
Данди;city;DND;
Кагаян де Оро;city;CGY;
Конроу;city;CXO;
Линчбург;city;LYH;
Метц Нанси;city;ETZ;
Ньюбург;city;SWF;
Порт Хедленд;city;PHE;
Сан Карлос де Барилоче;city;BRC;
Спокане;city;GEG;
Турку;city;TKU;
Холл-Бич;city;YUX;
Ям-Айленд;city;XMY;
Аген;city;AGF;
Бедфорт;city;BED;
Вашингтон;city;WAS;
Данк-Айленд;city;DKI;
Кагосима;city;KOJ;
Консепсьон;city;CCP;
Линчепинг;city;LPI;
Мехамн;city;MEH;
Порт Хоксбери;city;YPS;
Сан Луис Обиспо;city;CSL;
Спрингбок;city;SBU;
Тускалуза;city;TCL;
Хомер;city;HOM;
Ямосукро;city;ASK;
Агра;city;AGR;
Бедфорт;city;BFR;
Веварк;city;WWK;
Даньдон;city;DDG;
Кадиллак;city;CAD;
Консепсьон;city;CIO;
Линьи;city;LYI;
Мехикали;city;MXL;
Нью-Йорк Пенн Стейшн;city;ZYP;
Порт Хоуп Симпсон;city;YHA;
Сан Николау;city;SNE;
Спрингдейл;city;SPZ;
Тухтла-Гутьеррес;city;TGZ;
Хониара;city;HIR;
Янбо;city;YNB;
Агуадилла;city;BQN;
Безьер;city;BZR;
Вегаршеи;city;ZYV;
Даовилль;city;DOL;
Казань;city;KZN;
Константа;city;CND;
Лион;city;LYS;
Мехико;city;MEX;
Ньюкасл;city;NCL;
Порт-Алберни;city;YPB;
Сан Педро Сула;city;SAP;
Спрингфилд;city;SFY;
Тюмень;city;TJM;
Хоннигсвог;city;HVG;
Янг;city;NGA;
Агуаскалиентес;city;AGU;
Бейкер-Лейк;city;YBK;
Вежле;city;VEJ;
Дарвин;city;DRW;
Каир;city;CAI;
Константин;city;CZL;
Лисмор;city;LSY;
Мец;city;MZM;
Ньюкасл;city;NCS;
Порт-Аугуста;city;PUG;
Сан Пьер де ла Реюньон;city;ZSE;
Спрингфилд;city;SGF;
Тюссо-ле-Нобль;city;TNF;
Хопедал;city;YHO;
Янгстаун;city;YNG;
Ада Оклахома;city;ADT;
Бейкерсфилд;city;BFL;
Веипа;city;WEI;
Дар-эс-Салам;city;DAR;
Кайенна;city;CAY;
Конья;city;KYA;
Лиссабон;city;LIS;
Миайана;city;MNK;
Ньюкасл;city;NTL;
Порт-Блер;city;IXZ;
Сан Хорхе Айленд;city;SJZ;
Спрингфилд;city;SPI;
Тяньцзинь;city;TSN;
Хопкинсвилль;city;HOP;
Яндикугина;city;YNN;
Адак-Айленд;city;ADK;
Бейра;city;BEW;
Вейкфилд-Вестгейт;city;XWD;
Датон;city;DAT;
Кайзерслаутерн;city;KLT;
Коньяк;city;CNG;
Литл-Рок;city;LIT;
Мидвэй-Айленд;city;MDY;
Ньюкуэй;city;NQY;
Порт-Вила;city;VLI;
Сана;city;SAH;
Ставангер;city;SVG;
Уайт Плеинс;city;HPN;
Хоризонтина;city;HRZ;
Янктон;city;YKN;
Адана;city;ADA;
Бейрут;city;BEY;
Вейстменнейяр;city;VEY;
Датч-Харбор;city;DUT;
Кайкура;city;KBZ;
Коома;city;OOM;
Литон;city;QLE;
Мидленд;city;MAF;
Ньюмен;city;ZNE;
Порт-Гентил;city;POG;
Сан-Андрес;city;ADZ;
Ставрополь;city;STW;
Уайт-Ривер;city;YWR;
Хорн-Айленд;city;HID;
Янтай;city;YNT;
Аддис-Абеба;city;ADD;
Бейтсвилль;city;BVX;
Вейхай;city;WEH;
Даугавпилс;city;DGP;
Кайман-Брак;city;CYB;
Копан;city;RUY;
Лифу;city;LIF;
Мидлмаунт;city;MMM;
Нью-Плимут;city;NPL;
Порт-Гурон;city;PHN;
Сан-Антонио;city;SAT;
Уайтхорс;city;YXY;
Хорнафьордур;city;HFN;
Яньань;city;ENY;
Аделаида;city;ADL;
Бейтсвилль;city;HLB;
Вексфорд;city;WEX;
Дахла;city;VIL;
Кайо Коко;city;CCC;
Копаскер;city;OPA;
Лихир-Айленд;city;LNV;
Мидлтаун;city;MWO;
Ньюпорт;city;NPT;
Порт-Дуглас;city;PTI;
Сан-Антонио;city;SVZ;
Станторп;city;SNH;
Уануко;city;HUU;
Хоррамабад;city;KHD;
Яньгунь;city;RGN;
Аден;city;ADE;
Бейхай;city;BHY;
Велком;city;WEL;
Дахла Оазис;city;DAK;
Копенгаген;city;CPH;
Лиху;city;LIH;
Микатарра;city;MKR;
Ньюпорт;city;ONP;
Портидж-ла-Прери;city;YPG;
Сан-Бернардино;city;SBT;
Стаунтон;city;SHD;
Убе Япония;city;UBJ;
Хорта;city;HOR;
Яньцзи;city;YNJ;
Адриан;city;ADG;
Бекли;city;BKW;
Веллингтон;city;WLG;
Дашогуз;city;TAZ;
Кайсери;city;ASR;
Коппер-Маунтин;city;QCE;
Лицзян;city;LJG;
Миккели;city;MIK;
Ньюпорт-Ньюс;city;PHF;
Портимао;city;PRM;
Сан-Вэлли;city;SUN;
Стейт-Колледж;city;SCE;
Убераба;city;UBA;
Хоскинс;city;HKN;
Яп;city;YAP;
Аитутаки;city;AIT;
Белага;city;BLG;
Велшпул;city;WHL;
Дебрецен;city;DEB;
Кайсумах;city;AQI;
Копьяпо;city;CPO;
Ллойдминстер;city;YLL;
Миконос;city;JMK;
Нью-Ричмонд;city;RNH;
Портленд;city;PDX;
Сандакан;city;SDK;
Стейтсвилль;city;SVH;
Уберландиа;city;UDI;
Хот Спрингз;city;HOT;
Ярмут;city;YQI;
Айдахо Фоллз;city;IDA;
Белгород;city;EGO;
Вена;city;VIE;
Девилз Лейк;city;DVL;
Кайтайа;city;KAT;
Корал-Харбор;city;YZS;
Логан;city;LGU;
Милан;city;MIL;
Нью-Ричмонд;city;XEM;
Портленд;city;PTJ;
Сандан;city;SDN;
Стелла Марис;city;SML;
Убон Рачатани;city;UBP;
Хот Спрингз;city;HSP;
Ярославль;city;IAR;
Айенвуд;city;IWD;
Белград;city;BEG;
Девонпорт;city;DPO;
Какао Метро Ареа;city;COI;
Корваллиз;city;CVO;
Логн-Банга;city;LBP;
Милденхолл;city;MHZ;
Ньютон;city;EWK;
Портленд;city;PWM;
Сандвика;city;ZYW;
Стерлинг;city;SQI;
Угадугу;city;OUA;
Хоума;city;HUM;
Яунде;city;YAO;
Айерс-Рок;city;AYQ;
Белем;city;BEL;
Венеция;city;VNC;
Дегерфорс;city;XXD;
Какорток;city;JJU;
Корво-Айленд;city;CVU;
Логроно;city;RJL;
Милдура;city;MQL;
Ньютон;city;TNU;
Порт-Линкольн;city;PLO;
Сан-Диего;city;SAN;
Стефенвилль;city;SEP;
Угерске-Градиште;city;UHE;
Хоумстед;city;HST;
Айзенах;city;EIB;
Белиз-Сити;city;BZE;
Венчжоу;city;WNZ;
Дейр Эз Зор;city;DEZ;
Калама;city;CJC;
Кордова;city;CDV;
Лодзь;city;LCJ;
Миллвилль;city;MIV;
Нью-Уэстминстер;city;YBD;
Порт-Меньер;city;YPN;
Санднессьоен;city;SSJ;
Стефенвилль;city;YJT;
Удайспур;city;UDR;
Хоуп;city;YHE;
Айла Мухерес;city;ISJ;
Белла Кула;city;QBC;
Веракрус;city;VER;
Дейтон;city;DAY;
Каламазу;city;AZO;
Кордова;city;COR;
Локичоггио;city;LKG;
Миллинокет;city;MLT;
Нью-Хейвен;city;HVN;
Порт-Морсби;city;POM;
Сандспит;city;YZP;
Стивенедж;city;XVJ;
Уден;city;UDE;
Хоф;city;HOQ;
Айли;city;ILY;
Беллингем;city;BLI;
Вермийон;city;YVG;
Декейтер;city;DCU;
Каламата;city;KLX;
Кордова;city;ODB;
Локхард-Ривер;city;IRG;
Милтон;city;NSE;
Нюрнберг;city;NUE;
Порто;city;OPO;
Сандуски;city;SKY;
Стивенс Поинт;city;STE;
Уджда;city;OUD;
Хофуф;city;HOF;
Айл-оф-Мэн;city;IOM;
Беллуно;city;BLX;
Вернал;city;VEL;
Декейтер;city;DEC;
Калаупапа;city;LUP;
Коринф;city;CRX;
Ломе;city;LFW;
Милтон-Кейнс;city;KYN;
Няунг;city;NYU;
Порто Алегре;city;POA;
Саникилуак;city;YSK;
Стиллуотер;city;SWO;
Уджунг-Панданг;city;UPG;
Хоххот;city;HET;
Айл-оф-Ска Гербидские о-ва;city;SKL;
Белойт;city;JVL;
Вернон;city;YVE;
Декора;city;DEH;
Кальви;city;CLY;:калви
Корк;city;ORK;
Лонг-Айленд;city;HAP;
Милуоки;city;MKE;
о. Баду;city;BDD;
Порто Сегуро;city;BPS;
Сан-Карлос;city;SQL;
Стимбоут-Спрингз;city;SBS;
Удине;city;UDN;
Хошимин;city;SGN;
Айова-Сити;city;IOW;
Белу-Оризонти;city;BHZ;
Веро-Бич;city;VRB;
Делби;city;DBY;
Калгари;city;YYC;
Корнуолл;city;YCC;
Лонг-Аках;city;LKH;
Милфорд Саунд;city;MFN;
о. Каталина;city;AVX;
Порт-о-Пренс;city;PAP;
Сан-Кинтин;city;SNQ;
Удон-Тхани;city;UTH;
Хуа Хин;city;HHQ;
Айрон-Маунтин;city;IMT;
Белфаст;city;BFS;
Верона;city;VRN;
Дели;city;DEL;
Калгурли;city;KGI;
Коро;city;CZE;
Лонг-Бич;city;LGB;
Минаки;city;YMI;
о. Науру;city;INU;
Портороз;city;POW;
Сан-Кристобаль;city;SCI;
Стокмарнес;city;SKN;
Уиллистон;city;ISN;
Хуалянь;city;HUN;
Айякучо;city;AYP;
Бельвилль;city;BLV;
Вестерленд;city;GWT;
Дель Рио;city;DRT;
Калексико;city;CXL;
Коромандель;city;CMV;
Лонгвью;city;GGG;
Минатитлан;city;MTT;
о. Рождества;city;CXI;
Порто-Санто;city;PXO;
Сан-Кристобаль;city;SCY;
Сток-он-Трент;city;XWH;
Уильямз-Лейк;city;YWL;
Хуанань;city;HYN;
Акаба;city;AQJ;
Бельвилль;city;XVV;
Вестерли;city;WST;
Де-Мойн;city;DSM;
Кали;city;CLO;
Корор;city;ROR;
Лонгербьен;city;LYR;
Минден;city;MEV;
о. Рождества;city;XCH;
Порт-оф-Спейн;city;POS;
Сан-Кристобаль-де-лас-Касас;city;SZT;
Стокпорт;city;XVA;
Уильямспорт;city;IPT;
Хуанхуа;city;HHA;
Акапулько;city;ACA;
Бемиджи;city;BJI;
Вестпорт;city;WSZ;
Денвер;city;DEN;
Калибо;city;KLO;
Корпус-Кристи;city;CRP;
Лонг-Лелланг;city;LGL;
Минеральные Воды;city;MRV;
о.Митиаро;city;MOI;
Портоэли;city;PKH;
Санкти-Спиритус;city;USS;
Стоктон;city;SCK;
Уинслоу;city;INW;
Хуахин;city;HUH;
Акита;city;AXT;
Бенбекула;city;BEB;
Вестрей;city;WRY;
Денизли;city;DNZ;
Калининград;city;KGD;
Корриентес;city;CNQ;
Лонгрич;city;LRE;
Миннеаполис;city;MSP;
остров Рангироа;city;RGI;
Порт-Пири;city;PPI;
Сторд;city;SRP;
Уинсор;city;YQG;
Худиксвалл;city;HUV;
Аккра;city;ACC;
Бенгази;city;BEN;
Ви-Ваа;city;WEW;
Дениликуин;city;DNQ;
Калиспелл;city;FCA;
Кортес;city;CEZ;
Лонг-Серидан;city;ODN;
Миноква;city;ARV;
Оамару;city;OAM;
Портсмут;city;PME;
Санкт-Петербург;city;SPG;
Сторновей;city;SYY;
Уинстон-Салем;city;INT;
Хуйджоу;city;HUZ;
Акрон;city;CAK;
Бенгкулу;city;BKS;
Виго;city;VGO;
Денпасар Бали;city;DPS;
Калскаг;city;KLG;
Кортрийк;city;KJK;
Минот;city;MOT;
Оберн;city;AUO;
Портсмут;city;PSM;
Санли Урфа;city;SFQ;
Сторуман;city;SQO;
Уинтер-Хейвен;city;GIF;
Хулехуа;city;MKK;
Актау;city;SCO;
Бенто-Гонсалвес;city;BGV;
Видалия;city;VDI;
Денхем;city;DNM;
Кальмар;city;KLR;
Корумба;city;CMG;
Лондон;city;LOZ;
Минск;city;MSQ;
Обихиро;city;OBO;
Порту Велью;city;PVH;
Санлиурфа;city;GNY;
Страсбург;city;SXB;
Уинфилд;city;WLD;
Хулиака;city;JUL;
Актюбинск;city;AKX;
Бентон-Харбор;city;BEH;
Виедма;city;VDM;
Дера Дун;city;DED;
Кальяри;city;CAG;
Кос Греция;city;KGS;
Лондон;city;YXU;
Мирамар;city;MJR;
о-в Икария;city;JIK;
Порт-Харкорт;city;PHC;
Сан-Луис;city;LUQ;
Стратфорд;city;XFD;
Уискассет;city;ISS;
Хултсфред;city;HLF;
Акуливик;city;AKV;
Бервик-апон-Твид;city;XQG;
Виентиане;city;VTE;
Дерби;city;DRB;
Камагуэй;city;CMW;
Косице;city;KSC;
Лондондерри;city;LDY;
Мирамичи;city;YCH;
о-в Калимнос;city;JKL;
Порт-Хоуп;city;XPH;
Сан-Луис;city;SLZ;
Страхан;city;SRN;
Укайа;city;UKI;
Хумакао;city;HUC;
Акурейри;city;AEY;
Бергамо;city;BGY;
Виесте;city;VIF;
Дестин;city;DSI;
Камден;city;CDH;
Кострома;city;KMW;
Лондрина;city;LDB;
Мири;city;MYY;
Оватонна;city;OWA;
Порт-Элизабет;city;PLZ;
Сан-Луис-Потоси;city;SLP;
Стронсей;city;SOY;
Улан-Батор;city;ULN;
Хуна;city;HNH;
Аламогордо;city;ALM;
Берген;city;BGO;
Вик;city;WIC;
Детройт;city;DTT;
Камири;city;CAM;
Кота-Бару;city;KBR;
Лончестон;city;LST;
Миртл Бич;city;MYR;
Овда;city;VDA;
Посадас;city;PSS;
Сан-Луис-Рио-Колорадо;city;UAC;
Стуржен Бэй;city;SUE;
Улан-Удэ;city;UUD;
Хургада;city;HRG;
Аламос;city;XAL;
Бержерак;city;EGC;
Виксбург;city;VKS;
Дефайенс;city;DFI;
Камлупс;city;YKA;
Котабато;city;CBO;
Лопез-Айленд;city;LPS;
Мисава;city;MSJ;
Овенсборо;city;OWB;
Поствилль;city;YSO;
Сан-Матиас;city;MQK;
Стуржис;city;IRS;
Ульсан;city;USN;
Хусавик;city;HZK;
Аламоса;city;ALS;
Бери-Сент-Эдмундс;city;BEQ;
Викторвилль;city;VCV;
Джабиру;city;JAB;
Кампече;city;CPE;
Кота-Кинабалу;city;BKI;
Лорд Хоув-Айленд;city;LDH;
Миссула;city;MSO;
Огаллала;city;OGA;
Пост-де-ла-Бален;city;YGW;
Сан-Паоло;city;SAO;
Стюарт;city;SUA;
Умеа;city;UME;
Хухуй;city;JUJ;
Алби;city;LBI;
Берли;city;BYI;
Виктория;city;VCT;
Джазан;city;GIZ;
Кампина Гранде;city;CPV;
Котону;city;COO;
Лорел;city;LUL;
Митилини;city;MJT;
Огден;city;OGD;
Поттстаун;city;PTW;
Сан-Педро;city;SPR;
Суассон;city;XSS;
Умиуяк;city;YUD;
Хьюз;city;HUS;
Алвеста;city;XXA;
Берлин;city;BER;
Виктория;city;YYJ;
Джайпур;city;JAI;
Кампинас;city;CPQ;
Коттонвуд;city;CTW;
Лоренс;city;LWC;
Митчелл;city;MHE;
Огденсбург;city;OGS;
Поханг;city;KPO;
Сан-Рафаэль;city;AFA;
Субик Бэй;city;SFS;
Умтата;city;UTT;
Хьюстон;city;HOU;
Александер-бей;city;ALJ;
Берлингтон;city;BRL;
Виктория-Фоллз;city;VFA;
Джакарта;city;JKT;
Кампогранде;city;CGR;
Коура;city;CWT;
Лорето;city;LTO;
Мичиган-Сити;city;MGC;
Одате-Носиро;city;ONJ;
Сан-Сальвадор;city;SAL;
Сува;city;SUV;
Умуарама;city;UMU;
Хьюстон;city;ZHO;
Александер-сити;city;ALX;
Берлингтон;city;BTV;
Виланкулос;city;VNX;
Джамби;city;DJB;
Кампос;city;CAW;
Коффс Харбор;city;CFS;
Лоринт;city;LRT;
Мишкольц;city;MCQ;
Оденсе;city;ODE;
Прайс;city;PUC;
Сан-Сальвадор;city;ZSA;
Суиндон;city;SWI;
Уна;city;UNA;
Хьюэнден;city;HGD;
Александрия;city;AEX;
Бермуда;city;BDA;
Вила-Реал;city;VRL;
Джамму;city;IXJ;
Камрань;city;CXR;
Кох-Самуи;city;USM;
Лос-Аламос;city;LAM;
Миязаки;city;KMI;
Одесса;city;ODS;
Праслин-Айленд;city;PRI;
Сан-Себастиан-де-ла-Гомера;city;GMZ;
Сукре;city;SRE;
Уналаклит;city;UNK;
Хэйс;city;HYS;
Александрия;city;ALY;
Берн;city;BRN;
Вилена;city;BVH;
Джамнагар;city;JGA;
Камуэла;city;MUE;
Коцебу;city;OTZ;
Мияко Джима;city;MMY;
Оита;city;OIT;
Прая;city;RAI;
Сан-Себастьян;city;EAS;
Сумаре;city;RWS;
Университет Оксфорд;city;UOX;
Хэтфилд;city;HTF;
Александрия;city;AXN;
Бернс;city;BNO;
Вилмингтон;city;ILG;
Джаспер;city;YJA;
Кан;city;CFR;
Коцумел;city;CZM;
Лос-Анжелес;city;LSQ;
Ммабато;city;MBD;
Окала;city;OCF;
Превеза;city;PVK;
Сан-Сити;city;NTY;
Сумы;city;UMY;
Уолтерборо;city;RBW;
Цанин;city;LTA;
Александрия;city;XFS;
Бернс-Лейк;city;YPZ;
Вилмингтон;city;ILM;
Джедда;city;JED;
Канберра;city;CBR;
Кочабамба;city;CBB;
Лос-Банос;city;LSN;
Моаб;city;CNY;
Окаяма;city;OKJ;
Президенте-Пруденте;city;PPB;
Санта Круз ду Сул;city;CSU;
Сундсваль;city;SDL;
Уорвик;city;WAZ;
Цвайбрюкен;city;ZQW;
Александруполис;city;AXD;
Беру;city;BEZ;
Вилуна;city;WUN;
Джеймстаун;city;JHW;
Кангерлуссуак;city;SFJ;
Кочи;city;COK;
Лос-Мошис;city;LMM;
Мобайл;city;MOB;
Окинава;city;OKA;
Прейри-дю-Чиен;city;PCD;
Санта Круз Хуатулко;city;HUX;
Сунпань;city;JZH;
Уорланд;city;WRL;
Цзилинь;city;JIL;
Алеппо;city;ALP;
Бетел;city;BET;
Вильнюс;city;VNO;
Джеймстаун;city;JMS;
Кангирсук;city;YKG;
Кочи;city;KCZ;
Лотон;city;LAW;
Могилев;city;MVQ;
Окино Эрабу;city;OKE;
Преск Исл;city;PQI;
Санта-Ана;city;SNA;
Суон Хилл;city;SWH;
Уортингтон;city;OTG;
Цзинань;city;TNA;
Алжир;city;ALG;
Биак;city;BIK;
Вильхельмина;city;VHM;
Джексон;city;JAC;
Канзас-Сити;city;KCK;
Коэн;city;CUQ;
Лохгилпхед;city;LPH;
Модесто;city;MOD;
Окичоби;city;OBE;
Прескотт;city;PRC;
Санта-Барбара;city;SBA;
Суони;city;SWS;
Уотервилль;city;WVL;
Цзиньдэчжэнь;city;JDZ;
Аликанте;city;ALC;
Биарриц;city;BIQ;
Вильхельмсхавен;city;WVN;
Джексон;city;JAN;
Канзас-Сити;city;MKC;
Краби;city;KBV;
Луанг Прабанг;city;LPQ;
Моджаве;city;MHV;
Оклахома-Сити;city;OKC;
Прескотт;city;XII;
Санта-Барбара;city;STB;
Суон-Ривер;city;ZJN;
Уотертаун;city;ART;
Цзиньхонг;city;JHG;
Аллахабад;city;IXD;
Бивер Фоллз;city;BFP;
Вилья-Конститусьон;city;VIB;
Джексон;city;JXN;
Канкаки;city;IKK;
Крайова;city;CRA;
Луанда;city;LAD;
Мозес Лейк;city;MWH;
Окленд;city;AKL;
Престон;city;XPT;
Санта-Инес;city;SQA;
Сур;city;SUH;
Уотертаун;city;ATY;
Цзиньцзян;city;JJN;
Аллентаун;city;ABE;
Биг Бер;city;RBF;
Вилья-Мерседес;city;VME;
Джексон;city;MKL;
Канкун;city;CUN;
Краков;city;KRK;
Луббок;city;LBB;
Мо-И-Рана;city;MQN;
Окленд;city;OAK;
Претория;city;PRY;
Санта-Клара;city;SNU;
Сурабая;city;SUB;
Уотсон Лейк;city;YQH;
Цзиньчжоу;city;JNZ;
Аллуитсуп-Паа;city;LLU;
Билефельд;city;BFE;
Вильяхермоза;city;VSA;
Джексонвилл;city;IJX;
Канн;city;CEQ;
Крамфорс;city;KRF;
Лубумбаши;city;FBM;
Мокпо;city;MPK;
О-Клэр;city;EAU;
Принс Джордж;city;YXS;
Санта-Круз Флорес;city;FLW;
Сурат-Тхани;city;URT;
Уппсала;city;QYX;
Цзюцзянь;city;JIU;
Алматы;city;ALA;
Биллингс;city;BIL;
Вилья-Хесель;city;VLG;
Джексонвилл;city;JAX;
Кано;city;KAN;
Кранбрук;city;YXC;
Лугано;city;LUG;
Молде;city;MOL;
Оксака;city;OAX;
Принс Руперт;city;YPR;
Санта-Крус;city;SPC;
Сургут;city;SGC;
Уральск;city;URA;
Цзяюйгуань;city;JGN;
Алор-Сетар;city;AOR;
Биллунд;city;BLL;
Вина-дель-Мар;city;KNA;
Джексонвилл;city;JKV;
Кантхо;city;VCA;
Краснодар;city;KRR;
Луганск;city;VSG;
Молин;city;MLI;
Окснард;city;OXR;
Принс-Альберт;city;YPA;
Санта-Крус;city;SRU;
Сухотай;city;THS;
Ургенч;city;UGC;
Циндао;city;TAO;
Алотау;city;GUR;
Билоэла;city;ZBL;
Виндора;city;WNR;
Джексонвилл;city;OAJ;
Каор;city;ZAO;
Красноярск;city;KJA;
Лудхиана;city;LUH;
Момбаса;city;MBA;
Оксфорд;city;OXF;
Принсвилль;city;HPV;
Санта-Крус;city;SRZ;
Сучава;city;SCV;
Урзазат;city;OZZ;
Цинциннати;city;CVG;
Алта;city;ALF;
Бильбао;city;BIO;
Виндхем;city;WYN;
Джералдтон;city;GET;
Капалуа;city;JHM;
Креиг;city;CGA;
Луисвилль;city;LMS;
Мон Тремблан;city;YTM;
Олбани;city;ABY;
Принстон;city;PCT;
Санта-Крус;city;SZC;
Сучжоу;city;SZV;
Уруапан;city;UPN;
Циньхуандао;city;SHP;
Алта-Флореста;city;AFL;
Бимини;city;BIM;
Виндхук;city;WDH;
Джерба;city;DJE;
Капреол;city;XAW;
Крей;city;CSF;
Луисвилль;city;SDF;
Монастир;city;MIR;
Олбани;city;ALB;
Приштина;city;PRN;
Санта-Мария;city;RIA;
Сфакс;city;SFA;
Уругуайна;city;URG;
Цицихар;city;NDG;
Алтуна;city;AOO;
Бингемтон;city;BGM;
Виннемукка;city;WMC;
Джерси;city;JER;
Капускасинг;city;YYU;
Крейг;city;CIG;
Лукка;city;LCV;
Монклова;city;LOV;
Олбани;city;ALH;
Провиденс;city;PVD;
Санта-Мария;city;SMA;
Схинчу;city;HSZ;
Урумки;city;URC;
Цусима;city;TSJ;
Аль Фуджейра;city;FJR;
Бинтулу;city;BTU;
Виннипег;city;YWG;
Джефферсон Сити;city;JEF;
Караганда;city;KGF;
Кресент-Сити;city;CEC;
Луксор;city;LXR;
Монктон;city;YQM;
Олбия;city;OLB;
Провиденсиалес;city;PLS;
Санта-Мария;city;SMX;
Сыктывкар;city;SCW;
Усинск;city;USK;
Цюрих;city;ZRH;
Аль-Айн;city;AAN;
Бирдсвилл;city;BVI;
Винница;city;VIN;
Джибути;city;JIB;
Каражас;city;CKS;
Крестон;city;CFQ;
Лули;city;LLA;
Монлюсон;city;MCU;
Олбэри;city;ABX;
Провинстаун;city;PVC;
Санта-Марта;city;SMR;
Сьюпириор;city;SUW;
Усть-Каменогорск;city;UKK;
Чадрон;city;CDR;
Альбасете;city;ABC;
Бирмингем;city;BHM;
Винсеннес;city;OEA;
Джимма;city;JIM;
Каракас;city;CCS;
Крикиума;city;CCM;
Лунд C;city;XGC;
Монпелье;city;MPL;
Олдерней;city;ACI;
Прово;city;PVU;
Сантандер;city;SDR;
Сэгино;city;MBS;
У-Тапао;city;UTP;
Чампхон;city;CJM;
Альбенга;city;ALL;
Бирмингем;city;BHX;
Винчестер;city;WGO;
Джи-Парана;city;JPR;
Карачи;city;KHI;
Кристиансанд;city;KSU;
Лурд;city;LDE;
Монпелье;city;MPV;
Олдершот;city;XLY;
Прозерпине;city;PPP;
Санта-Паула;city;SZP;
Сэмон-Арм;city;YSN;
Утрехт;city;UTC;
Чангвинола;city;CHX;
Альберт-Ли;city;AEL;
Бисби;city;BSQ;
Винь;city;VII;
Джодхпур;city;JDH;
Карбондейл;city;MDH;
Кристианстад;city;KID;
Лусака;city;LUN;
Монреаль;city;YMQ;
Олесунд;city;AES;
Проприано;city;PRP;
Сантарекм;city;STM;
Сэнди Лейк;city;ZSJ;
Уфа;city;UFA;
Чангзу;city;CZX;
Альборг;city;AAL;
Бискра;city;BSK;
Виржин-Горда;city;VIJ;
Джойнвилль;city;JOI;
Кардифф;city;CWL;
Кристианстад;city;KRS;
Лусон-Айленд;city;CRK;
Монро;city;MLU;
Олимпик-Дэм;city;OLP;
Псков;city;PKV;
Санта-Роза;city;STS;
Сэнт-Эндрюс;city;ADX;
Ушуайа;city;USH;
Чандигарх;city;IXC;
Альбукерке;city;ABQ;
Бисмарк;city;BIS;
Висбю;city;VBY;
Джонесборо;city;JBR;
Кариба Дам;city;KAB;
Кристинехамн;city;XYN;
Лутон;city;LTN;
Монровилль;city;MVC;
Олимпия;city;OLM;
Пуатье;city;PIS;
Санта-Росалия;city;SRL;
Сюйчжоу;city;XUZ;
Уэйл-Ков;city;YXN;
Чандлер;city;XDL;
Альгеро;city;AHO;
Биссау;city;OXB;
Висконсин-Рэпидз;city;ISW;
Джонстаун;city;JST;
Карибу;city;CAR;
Кристчерч;city;CHC;
Луфкин;city;LFK;
Монровия;city;MLW;
Ольштын;city;QYO;
Пукаллпа;city;PCL;
Санта-Фе;city;SAF;
Сямэнь;city;XMN;
Уэйнрайт;city;AIN;
Чандэ;city;CGD;
Альгесирас;city;AEI;
Битбург;city;BBJ;
Вистлер;city;YWS;
Джоплин;city;JLN;
Каркасон;city;CCF;
Кротон;city;CRV;
Луцк;city;UCK;
Монтаук;city;MTP;
Омаха;city;OMA;
Пукатаваган;city;XPK;
Санта-Фе;city;SFN;
Сяньфань;city;XFN;
Уэнатчи;city;EAT;
Чанчун;city;CGQ;
Альма;city;YTF;
Биф-Айленд;city;EIS;
Витебск;city;VTB;
Джордж;city;GRJ;
Карлетон;city;XON;
Крузейро-ду-Сул;city;CZS;
Лучжоу;city;LZH;
Монтгомери;city;MGM;
Омск;city;OMS;
Пукон;city;ZPC;
Санто-Антао;city;NTO;
Таба;city;TCP;
Уэст Бенд;city;ETB;
Чанша;city;CSX;
Альмерия;city;LEI;
Бишкек;city;FRU;
Витория;city;VIT;
Джорджтаун;city;GED;
Карлисл;city;CAX;
Куала-Белаит;city;KUB;
Лучжоу;city;LZO;
Монт-Джоли;city;YYY;
Онеонта;city;ONH;
Пула;city;PUY;
Санто-Доминго;city;SDQ;
Таба Нчу;city;TCU;
Уэст Иелоустоун;city;WYS;
Чапеко;city;XAP;
Альпайн;city;ALE;
Бишо;city;BIY;
Витория;city;VIX;
Джорджтаун;city;GEO;
Карловы Вары;city;KLV;:карлови-вари
Лхаса;city;LXA;
Монтевидео;city;MVD;
Онтарио;city;ONT;
Пуллман;city;PUW;
Санто-Доминго;city;STD;
Табарка;city;TBJ;
Уэст Пальм Бич;city;PBI;
Чапелко;city;CPC;
Альпена;city;APN;
Бишоп;city;BIH;
Витория-Да-Конкиста;city;VDC;
Джорджтаун;city;XHM;
Карлсбад;city;CLD;
Куала-Теренгану;city;TGG;
Львов;city;LWO;
Монтего Бэй;city;MBJ;
Орадеа;city;OMR;
Пуна;city;PNQ;
Сан-Томе;city;SOM;
Табатинга;city;TBT;
Уэстхемптон;city;FOK;
Чарлевилль;city;CTL;
Альтамира;city;ATM;
Благовещенск;city;BQS;
Виченца;city;VIC;
Джордж-Таун;city;GGT;
Карлсбад;city;CNM;
Куантан;city;KUA;
Льеж;city;LGG;
Монте-Дурадо;city;MEU;
Оран;city;ORN;
Пунта Ренес;city;JAP;
Сантос;city;SSZ;
Табубил;city;TBG;
Уэтерфорд;city;WAT;
Чарльзтон;city;CHS;
Альтенбург;city;AOC;
Блайтвилль;city;HKA;
Вичита;city;ICT;
Джохор-Бару;city;JHB;
Карлсруэ Баден-Баден;city;FKB;
Кубер Педи;city;CPD;
Льюисбург;city;LWB;
Монте-Карло;city;MCM;
Оранж;city;OAG;
Пунта-Аренас;city;PUQ;
Сен-Тропе;city;LTT;:сен-тропез:сентропе:сантропе:сан-тропе
Табук;city;TUU;
Уэтерфорд;city;WEA;
Чарльзтон;city;CRW;
Альтенрейн;city;ACH;
Бланк-Саблон;city;YBX;
Вичита-Фоллз;city;SPS;
Джулиа-Крик;city;JCK;
Карлстад;city;KSD;
Кувейт;city;KWI;
Льюистон;city;LWS;
Монтерей;city;MRY;
Ораньемунд;city;OMD;
Пунта-Горда;city;PGD;
Сантьяго;city;SCL;
Тавау;city;TWU;
Фагернес;city;VDB;
Чаттануга;city;CHA;
Альтус;city;LTS;
Блантайр;city;BLZ;
Вишакхапатанам;city;VTZ;
Джуно;city;JNU;
Карнарвон;city;CVQ;
Куглуктук-Коппермайн;city;YCO;
Льюистоун;city;LWT;
Монтерия;city;MTR;
Оребро Бофорс;city;ORB;
Пунта-дель-Эсте;city;PDP;
Сантьяго;city;SCU;
Тавеуни;city;TVU;
Фажардо;city;FAJ;
Чевери;city;YHR;
Аль-Хосейма;city;AHU;
Бленхайм;city;BHE;
Виши;city;VHY;
Дзаудзи;city;DZA;
Карпатос;city;AOK;
Кудал;city;CUG;
Лэнгли;city;YLY;
Монтеррей;city;MTY;
Оренбург;city;REN;
Пунта-Кана;city;PUJ;
Сантьяго;city;STI;
Таиф;city;TIF;
Файетвилль;city;FAY;
Чеджу Сити;city;CJU;
Амами О Сима;city;ASJ;
Блит;city;BLH;
Владивосток;city;VVO;
Дибругарх;city;DIB;
Каррата;city;KTA;
Кудат;city;KUD;
Любек;city;LBC;
Монтес-Кларос;city;MOC;
Орийак;city;AUR;
Пуэбла;city;PBC;
Сантьяго-де-Компостела;city;SCQ;
Тайбэй;city;TPE;:тайпэй:тайпей
Файетвилль;city;FYV;
Чейнни;city;CYS;
Амарилло;city;AMA;
Блок-Айленд;city;BID;
Волгоград;city;VOG;
Диего Суарез;city;DIE;
Карс;city;KSY;
Куенка;city;CUE;
Любляна;city;LJU;
Монтичелло;city;MSV;
Орландо;city;ORL;
Пуэбло;city;PUB;
Сантьяго-дель-Эстеро;city;SDE;
Тайвань;city;TYN;
Фалаборва;city;PHW;
Челинда;city;CEH;
Амахаи;city;AHI;
Блумингтон;city;BMG;
Воллонгонг;city;WOL;
Дижон;city;DIJ;
Карсон-Сити;city;CSN;
Куернавака;city;CVJ;
Людериц;city;LUD;
Монто;city;MNQ;
Орнсколдсвик;city;OER;
Пуэнт-Нуар;city;PNR;
Сан-Феликс;city;SFX;
Тайлер;city;TYR;
Фаллон;city;NFL;
Челябинск;city;CEK;
Амбер;city;ABL;
Блумингтон;city;BMI;
Вологда;city;VGD;
Дикинсон;city;DIK;
Картегена;city;CTG;
Куиаба;city;CGB;
Люксембург;city;LUX;
Монтроз;city;MTJ;
Орста-Волда;city;HOV;
Пуэрто Барриос;city;PBR;
Сан-Фелипе;city;SFH;
Тайнань;city;TNN;
Фалун;city;XWF;
Чемайнус;city;XHS;
Амбон;city;AMQ;
Блумфонтейн;city;BFN;
Волос;city;VOL;
Дикинь;city;DIG;
Картрайт;city;YRF;
Куимпер;city;UIP;
Люоянг;city;LYA;
Моореа;city;MOZ;
Орфеус-Айленд;city;ORS;
Пуэрто ла Виктория;city;PCJ;
Сан-Фелипе;city;SNF;
Тайтунг;city;TTT;
Фарго;city;FAR;
Ченгду;city;CTU;
Амерсфорт;city;QYM;
Блэкли-Айленд;city;BYW;
Воронеж;city;VOZ;
Дили;city;DIL;
Каруару;city;CAU;
Куин Шарлотте Айленд;city;ZQS;
Ляньпин;city;LIA;
Мопти;city;MZI;
Орхус;city;AAR;
Пуэрто Мадрин;city;PMY;
Сан-Фернандо;city;SFD;
Тайчунг;city;TXG;
Фарерские о-ва;city;FAE;
Ченнай;city;MAA;
Амес;city;AMW;
Блэколл;city;BKQ;
Ворсестер;city;ORH;
Диллингам;city;DLG;
Карумба;city;KRB;
Куинда;city;CDA;
Ма Хонг Сон;city;HGN;
Мора;city;MXX;
Осака;city;OSA;
Пуэрто Монт;city;PMC;
Сан-Фернандо;city;SFE;
Такамацу;city;TAK;
Фармингдейл;city;FRG;
Чеонджу;city;CJJ;
Амман;city;AMM;
Блэкпул;city;BLK;
Вранжелл;city;WRG;
Диллон;city;DLL;
Каруп;city;KRP;
Куинстаун;city;UTW;
Маан;city;MPQ;
Моранба;city;MOV;
Осима;city;OIM;
Пуэрто Наталес;city;PNT;
Сан-Филипе;city;SFL;
Таклобан;city;TAC;
Фармингтон;city;FMN;
Черчилл;city;YYQ;
Ампара;city;AFK;
Блэксбург;city;BCB;
Врихейд;city;VYD;
Динард;city;DNR;:динар
Касабланка;city;CAS;
Куинстаун;city;ZQN;
Маастрихт;city;MST;
Моргантаун;city;MGW;
Оскарсхамн;city;OSK;
Пуэрто Ордас;city;PZO;
Санфорд;city;SFB;
Такома;city;TIW;
Фарнборо Гемпшир;city;FAB;
Черчхил Фолз;city;ZUM;
Амритсар;city;ATQ;
Блэкуотер;city;BLT;
Вроцлав;city;WRO;
Диполог;city;DPL;
Касане;city;BBK;
Куинхон;city;UIH;
Маврикий;city;MRU;
Морелия;city;MLM;
Осло;city;OSL;
Пуэрто-Айсен;city;WPA;
Санфорд;city;SFM;
Талды-Курган;city;TDK;
Фаро;city;FAO;
Честер;city;CEG;
Амстердам;city;AMS;
Блэрсвилль;city;BSI;
Вудвард;city;WWR;
Дире Дауа;city;DIR;
Касино;city;CSI;
Куиринди;city;UIR;
Магадан;city;GDX;
Мори;city;MRZ;
Оснабрукк;city;ZPE;
Пуэрто-Валларта;city;PVR;
Сан-Франциско;city;SFO;
Таллахасси;city;TLH;
Фейр-Айсл;city;FIE;
Честерфилд;city;ZFI;
Амхерст;city;XZK;
Блюменау;city;BNU;
Вудсток;city;XIP;
Дир-Лейк;city;YDF;
Каскавел;city;CAC;
Куксхафен;city;FCN;
Магнитогорск;city;MQF;
Мориока;city;HNA;
Осорно;city;ZOS;
Пуэрто-Дель-Росарио;city;FUE;
Сан-Хосе;city;SJC;
Таллахома;city;THA;
Феникс;city;PHX;
Честерфилд-Инлет;city;YCS;
Анадырь;city;DYR;
Блюфилд;city;BLF;
Вуйшань;city;WUS;
Дир-Лейк;city;YVZ;
Каслгар;city;YCG;
Куктаун;city;CTN;
Магнолиа;city;AGO;
Морлэ;city;MXN;
Остенде;city;OST;
Пуэрто-Мальдонадо;city;PEM;
Сан-Хосе;city;SJO;
Таллинн;city;TLL;
Фергюс Фоллз;city;FFM;
Четумал;city;CTM;
Анакортес;city;OTS;
Боа Виста;city;BVB;
Вулвергемптон;city;XVW;
Дис Лэйк;city;YDL;
Каспер;city;CPR;
Кукута;city;CUC;
Маданг;city;MAG;
Морнингтон;city;ONG;
Остерзунд;city;OSD;
Пуэрто-Пенаско;city;PPE;
Сан-Хосе До Рио-Прето;city;SJP;
Талойоак;city;YYH;
Фернандо-де-Норонья;city;FEN;
Четэм;city;XCM;
Анакосеия;city;NDV;
Боавишта;city;BVC;
Вуси;city;WUX;
Диу Инд;city;DIU;
Кассел;city;KSF;
Кулебра;city;CPX;
Мадера;city;MAE;
Морондава;city;MOQ;
Остин;city;AUS;
Пуэрто-Плата;city;POP;
Сан-Хосе Дос Кампос;city;SJK;
Талса;city;TUL;
Ферфилд;city;SUU;
Чжаньчзян;city;ZHA;
Анапа;city;AAQ;
Бобо-Диуласо;city;BOY;
Вухан;city;WUH;
Диярбакыр;city;DIY;
Касселман;city;XZB;
Кулиакан;city;CUL;
Маджеро;city;MAJ;
Морони;city;YVA;
Острава;city;OSR;
Пуэрто-Принцеса;city;PPS;
Сан-Хосе Кабо;city;SJD;
Тамариндо;city;TNO;
Фес;city;FEZ;
Чженьчжоу;city;CGO;
Анаполис;city;APS;
Богота;city;BOG;
Вье Форт Сан Люсия;city;UVF;
Днепропетровск;city;DNK;
Кастелоризо;city;KZS;
Кулу;city;KUU;
Мадзунга;city;MJN;
Морристаун;city;MMU;
остров Ниуэ;city;IUE;
Пуэрто-Эскондидо;city;PXM;
Сан-Хуан;city;SJU;
Таматаве;city;TMM;
Фигари;city;FSC;
Чжухай;city;ZUH;
Ангелхольм;city;AGH;
Бодо;city;BOO;
Вьекес;city;VQS;
Додж Сити;city;DDC;
Кастория;city;KSO;
Кулусук;city;KUS;
Мадисон;city;MSN;
Моруя;city;MYA;
острова Сцилли;city;ISC;
Пхантхиет;city;PHH;
Сан-Хуан;city;UAQ;
Тамбор;city;TMU;
Фиксбург;city;FCB;
Чианг-Май;city;CNX;:чиангмай
Ангерс;city;ANE;
Бодрум;city;BXN;
Вэйкросс;city;AYS;
Доилестоун;city;DYL;
Кастре;city;DCM;
Кумак;city;KOC;
Мадрид;city;MAD;
Оттава;city;YOW;
Пхаплу;city;PPL;
Санья;city;SYX;
Тамворт;city;TMW;
Филадельфия;city;PHL;
Чианг-Рай;city;CEI;
Ангилья;city;AXA;
Боземан;city;BZN;
Вэйфан;city;WEF;
Доле;city;DLE;
Касьяс ду Суль;city;CXJ;
Кумамото;city;KMJ;
Мадураи;city;IXM;
Моссоро;city;MVF;
Оттумва;city;OTM;
Пхеньян;city;FNJ;
Саппоро;city;SPK;
Тамки;city;VCL;
Филипсбург;city;PSB;
Чибугамау;city;YMT;
Ангулем;city;ANG;
Бойгу-Айленд;city;GIC;
Габорон;city;GBE;
Доминика;city;DOM;
Катамарка;city;CTC;
Кумана;city;CUM;
Мае Сот;city;MAQ;
Мостар;city;OMO;
Оудсхорн;city;OUH;
Пхитсанулок;city;PHS;
Сарагоса;city;ZAZ;
Тампа;city;TPA;
Флагстафф;city;FLG;
Чикаго;city;CHI;
Ангун;city;AGN;
Бойсе;city;BOI;
Гавана;city;HAV;
Донгара;city;DOX;
Катания;city;CTA;
Кумберленд;city;CBE;
Мазатлан;city;MZT;
Мосьоэн;city;MJF;
Оуквиль;city;XOK;
Пхраэ;city;PRH;
Сараево;city;SJJ;
Тампере;city;TMP;
Фленсбург;city;FLF;
Чиклайо;city;CIX;
Анденес;city;ANX;
Бокас-Дель-Торо;city;BOC;
Гавахати;city;GAU;
Донегаль;city;CFN;
Катиклан;city;MPH;
Кумеджима;city;UEO;
Майами;city;MIA;:маями
Моултри;city;MGR;
Оук-Харбор;city;ODW;
Пхукет;city;HKT;
Саранак Лейк;city;SLK;
Тампико;city;TAM;
Флинт;city;FNT;
Чико;city;CIC;
Андерсон;city;AID;
Болонья;city;BLQ;
Гавле;city;GVX;
Донецк;city;DOK;
Катманду;city;KTM;
Кунабарабран;city;COJ;
Майлз-Сити;city;MLS;
Моунт Холли;city;LLY;
Оулу;city;OUL;
Пхукуок;city;PQC;
Сарасота;city;SRQ;
Танана;city;TAL;
Флин-Флон;city;YFO;
Чилачап;city;CXP;
Андерсон;city;AND;
Больцано;city;BZO;:бользано
Гавр;city;HVR;
Донкастер;city;DSA;
Катовице;city;KTW;
Кунамбл;city;CNB;
Майсор;city;MYQ;
Мохенджодаро;city;MJD;
Оуриландиа;city;OIA;
Пьер;city;PIR;
Саратов;city;RTW;
Тананариве;city;TNR;
Флиппин;city;FLP;
Чилливак;city;YCW;
Андорра-ла-Велла;city;ALV;
Большой Кайман;city;GCM;
Гавр;city;LEH;
Дорноч;city;DOC;
Каунас;city;KUN;
Кунео;city;CUF;
Майу;city;MMO;
Мтвара;city;MYW;
Оушен Риф;city;OCA;
Пэнлай;city;PNJ;
Сармеллек;city;SOB;
Танга;city;TGT;
Флоренс;city;FLO;
Чинджу;city;HIN;
Аниак;city;ANI;
Бомонт;city;BPT;
Гавр Сен-Пьер;city;YGV;
Дортмунд;city;DTM;
Каунсил;city;CIL;
Кунминг;city;KMG;
МакАлестер;city;MLC;
Муданьцзян;city;MDG;
Оушен-Сити;city;OCE;
Пярну;city;EPU;
Сарния;city;YZR;
Тангул;city;THG;
Флоренс;city;FLR;
Чинкотик;city;WAL;
Анкара;city;ANK;
Бонавентуре;city;YVB;
Гадсден;city;GAD;
Дотан;city;DHN;
Каунсил Блаффс;city;CBF;
Куннамулла;city;CMA;
МакАллен;city;MFE;
Муджи;city;DGE;
Оушнсайд;city;OCN;
Рабат;city;RBA;
Саскатун;city;YXE;
Тандер-Бей;city;YQT;
Флорес;city;FRS;
Чинчен Ица;city;CZA;
Анкона;city;AOI;
Бонайре;city;BON;
Газа;city;GZA;
Доусон-Крик;city;YDQ;
Кашоейру-де-Итапемирин;city;CDI;
Кунсан;city;KUV;
Макао;city;MFM;
Мукалла;city;MKX;
Оуэн-Саунд;city;YOS;
Рабаул;city;RAB;
Саударкрокур;city;SAK;
Тандиль;city;TDL;
Флориано;city;FLB;
Чиребон;city;CBN;
Анкоридж;city;ANC;
Бонн;city;BNJ;
Газиантеп;city;GZT;
Доусон-Сити;city;YDA;
Каяне;city;KAJ;
Кунунурра;city;KNX;
Макапа;city;MCP;
Муках;city;MKM;
Охрид;city;OHD;
Равенсторп;city;RVT;
Саусалито;city;JMC;
Танегасима;city;TNE;
Флорианополис;city;FLN;
Чисасиби;city;YKU;
Аннаба;city;AAE;
Бора-Бора;city;BOB;
Гаймон;city;GUY;
Дофин;city;YDN;
Кваджлейн;city;KWA;
Куопио;city;KUO;
Макаэ;city;MEA;
Мулу;city;MZV;
Очо Риос;city;OCJ;
Рагли;city;XRG;
Саут Андрос;city;TZN;
Танжер;city;TNG;
Флоро;city;FRO;
Чита;city;HTA;
Аннаполис;city;ANP;
Бордо;city;BOD;
Гайя;city;GAY;
Доха;city;DOH;
Квакертаун;city;UKT;
Курессааре;city;URE;
МакКарти;city;MXY;
Мумбаи;city;BOM;
Ошава;city;YOO;
Раде;city;ZXX;
Саут Молл;city;SOI;
Танна;city;TAH;
Фоджия;city;FOG;
Читре;city;CTD;
Анн-Арбор;city;ARB;
Борже;city;BOU;
Галапагосские острова;city;GPS;
Драйден;city;YHD;
Квангджу;city;KWJ;
Куритиба;city;CWB;
Маккей;city;MKY;
Мураббин;city;MBW;
Ошкош;city;OSH;
Раджкот;city;RAJ;
Саутгемптон;city;SOU;
Таньюнг-Пендан;city;TJQ;
Фоллз-Крик;city;FLC;
Читтагонг;city;CGP;
Аннеси;city;NCY;
Борк Эль Араб;city;HBE;
Галена;city;GAL;
Драммондвиль;city;XDM;
Квебек;city;YQB;
Курск;city;URS;
Макковик;city;YMN;
Мурманск;city;MMK;
Павлодар;city;PWQ;
Раиатеа;city;RFP;
Саутенд;city;SEN;
Таос;city;TSM;
Фолмаут;city;FMH;
Чихуахуа;city;CUU;
Аннистон;city;ANB;
Борланж;city;BLE;
Галесбург;city;GBG;
Дрангедал;city;ZVD;
Квеснел;city;YQZ;
Куршавель;city;CVF;
Мак-Колл;city;MYL;
Мурсия;city;MJV;
Паг;city;PGA;
Райнелендер;city;RHI;
Саут-Кайкос;city;XSC;
Тапачула;city;TAP;
Форде;city;FDE;
Чонсинь;city;CKG;
Анст Шетландские о-ва;city;UNT;
Борнмут;city;BOH;
Галион;city;GQQ;
Дрезден;city;DRS;
Квилпай;city;ULP;
Кусиро;city;KUH;
МакКук;city;MCK;
Мускат;city;MCT;
Паго-Паго;city;PPG;
Райпур;city;RPR;
Свег;city;EVG;
Тарава;city;TRW;
Форест-Сити;city;FCY;
Шавиниган;city;XFL;
Анталия;city;AYT;:анталья
Борнхольм;city;RNN;
Галифакс;city;YHZ;
Дуала;city;DLA;
Квинси;city;UIN;
Куско;city;CUZ;
Макон;city;MCN;
Мускока;city;YQA;
Пагоса-Спрингс;city;PGO;
Райфл;city;RIL;
Свифт-Каррент;city;YYN;
Таракан;city;TRK;
Форли;city;FRL;
Шамбери;city;CMF;
Антигуа;city;ANU;
Боррего Спрингз;city;BXS;
Галлап;city;GUP;
Дубаи;city;DXB;
Квинстон;city;UEE;
Кустанай;city;KSN;
Макунг;city;MZG;
Мусони;city;YMO;
Паданг;city;PDG;
Рамштайн;city;RMS;
Сволваер;city;SVJ;
Таранто;city;TAR;
Формоса;city;FMA;
Шамбор;city;XCI;
Антофагаста;city;ANF;
Борролула;city;BOX;
Галливаре;city;GEV;
Дуббо;city;DBO;
Кволикум;city;XQU;
Кутаба;city;KOB;
Макурди;city;MDI;
Мутаре;city;UTA;
Падерборн;city;PAD;
Ранкин-Инлет;city;YRT;
Себринг;city;SEF;
Таргоминда;city;XTG;
Форстер;city;FOT;
Шампань;city;CMI;
Аньцин;city;AQG;
Бостон;city;BOS;
Галф Шорз;city;GUF;
Дублин;city;DBN;
Кеарней;city;EAR;
Кууджуак;city;YVP;
МакФерсон;city;MPR;
Мухаррак;city;BAH;
Падука;city;PAH;
Ранонг;city;UNN;
Себу;city;CEB;
Тари;city;TIZ;
Форт де Франс;city;FDF;
Шанту;city;SWA;
Аомори;city;AOJ;
Боулдер;city;WBU;
Галфпорт;city;GPT;
Дублин;city;DUB;
Кегаска;city;ZKG;
Куусамо;city;KAO;
Мала Мала;city;AAM;
Мухаррак;city;GBQ;
Пайала;city;PJA;
Ранчи;city;IXR;
Севард;city;SWD;
Тари;city;TRO;
Форт Леонард Вуд;city;TBN;
Шанхай;city;SHA;
Аоста;city;AOT;
Боулинг-Грин;city;BWG;
Гамбург;city;HAM;
Дублин;city;PSK;
Кейк;city;KAE;
Кучинг;city;KCH;
Малабо;city;SSG;
Муш;city;MSR;
Пайн Блафф;city;PBF;
Раротонга;city;RAR;
Севилья;city;SVQ;
Тариха;city;TJA;
Форт Мак-Мюррей;city;YMM;
Шаньчжоу;city;SZO;
Апалачикола;city;AAF;
Бофорт;city;BFT;
Гамильтон;city;HLZ;
Дубровник;city;DBV;
Кейп-Дорсет;city;YTE;
Куэ д Ален;city;COE;
Малага;city;AGP;
Мьольбю;city;XXM;
Пайнхерст;city;SOP;
Рас-аль-Хайма;city;RKT;
Седалиа;city;DMO;
Тарту;city;TAY;
Форталеса;city;FOR;
Шапло;city;YLD;
Апартадо;city;APO;
Брава;city;BVR;
Гамильтон;city;YHM;
Дувр;city;DOV;
Кейп-Жирардо;city;CGI;
Куэпос;city;XQP;
Малакка;city;MKZ;
Мьян Янг;city;MIG;
Пайсанду;city;PDU;
Растон;city;RSN;
Седар-Сити;city;CDC;
Татры Попрад;city;TAT;
Форт-Додж;city;FOD;
Шарджа;city;SHJ;
Апацинган;city;AZG;
Брадфорт;city;BFD;
Гана;city;HNM;
Дуглас;city;DUG;
Кейп-Мэй;city;WWD;
Кхаджурахо;city;HJR;
Малатия;city;MLX;
Мэйсон Сити;city;MCW;
Пакуашипи;city;YIF;
Ратон;city;RTN;
Седона;city;SDX;
Таунсвилль;city;TSV;
Форт-Коллинс;city;FNL;
Шарло;city;YCL;
Апиа;city;APW;
Брадфорт;city;BRF;
Гананок;city;XGW;
Дулут;city;DLH;
Кейптаун;city;CPT;
Кхон Каен;city;KKC;
Мале;city;MLE;Male
Мэнисти;city;MBL;
Паланга;city;PLQ;
Рацине;city;RAC;
Седуна;city;CED;
Таупо;city;TUO;
Форт-Лодердейл;city;FLL;
Шарлотт;city;CLT;
Апингтон;city;UTN;
Бразалиа;city;BSB;
Гандер;city;YQX;
Думаджи;city;DMD;
Кейстоун;city;QKS;
Кэмпбелл Ривер;city;YBL;
Малелейн;city;LLE;
Мэнистик;city;ISQ;
Палембанг;city;PLM;
Рач-Дже;city;VKG;
Сейл;city;SXE;
Тауранга;city;TRG;
Форт-Майерс;city;FMY;
Шарлоттаун;city;YHG;
Аплтон;city;ATW;
Браззавилль;city;BZV;
Ганджоу;city;KOW;
Дунгуан;city;DGM;
Келовна;city;YLW;
Кэмп-Спрингс;city;ADW;
Малинди;city;MYD;
Мэнстон;city;MSE;
Паленке;city;PQM;
Регби;city;XRU;
Сейнайоки;city;SJY;
Ташкент;city;TAS;
Форт-Мэдисон;city;FMS;
Шарлоттаун;city;YYG;
Арагуэйна;city;AUX;
Бразория;city;BZT;
Ганнеда;city;GUH;
Дунедин;city;DUD;
Кельн;city;CGN;
Кэтрин;city;KTR;
Малый Кайман;city;LYB;
Мэриборо;city;MBH;
Палермо;city;PMO;
Реданг;city;RDN;
Секунда;city;ZEC;
Тбилиси;city;TBS;
Форт-Нельсон;city;YYE;
Шарлоттсвилль;city;CHO;
Арад;city;ARW;
Браинерд;city;BRD;
Ганнисон;city;GUC;
Дункан;city;DUC;
Кембридж;city;CBG;
Кюрасао;city;CUR;
Мальме;city;MMA;
Мюлуз;city;MLH;
Палм Айленд;city;PMK;
Реддинг;city;RDD;
Селавик;city;WLK;
Тверь;city;KLD;
Форт-Пирс;city;FPR;
Шарм-эль-Шейх;city;SSH;
Аракайю;city;AJU;
Брайс;city;BCE;
Дунхуань;city;DNH;
Кембридж-Бей;city;YCB;
Ла Боль;city;LBY;
Мальта;city;MLA;Malta
Мюнстер;city;FMO;
Палм-Дезерт;city;UDD;
Реджайна;city;YQR;
Селдовиа;city;SOV;
Твин-Фоллс;city;TWF;
Форт-Полк;city;POE;
Шарура;city;SHW;
Аракатуба;city;ARU;
Брайтон;city;BSH;
Гаосюн;city;KHH;
Дуранго;city;DGO;
Кемерово;city;KEJ;
Ла Верне;city;POC;
Маммот Лейкс;city;MMH;
Мюнхен;city;MUC;
Палмдейл;city;PMD;
Реджо Калабрия;city;REG;
Селеби-Фикве;city;PKW;
Твин-Хиллз;city;TWA;
Форт-Сент-Джон;city;YXJ;
Шатору;city;CHR;
Арапоти;city;AAG;
Брансвик;city;BQK;
Гап;city;GAT;
Дуранго;city;DRO;
Кеми;city;KEM;
Ла Гранд;city;YGL;
Манагуа;city;MGA;
Мюррей;city;CEY;
Палм-Спрингс;city;PSP;
Ред-Лейк;city;YRL;
Селибаби;city;SEY;
Те Анау;city;TEU;
Форт-Смит;city;FSM;
Шахр-Корд;city;CQD;
Араракуара;city;AQA;
Брансвик;city;NHZ;
Гараина;city;GAR;
Дурбан;city;DUR;
Кемпбелтаун;city;CAL;
Ла Кросс;city;LSE;
Манадо;city;MDC;
Набережные Челны;city;NBC;
Пало-Альто;city;PAO;
Редмонд;city;RDM;
Семаранг;city;SRG;
Тегеран;city;THR;
Форт-Смит;city;YSM;
Шаши;city;SHS;
Арарат;city;ARY;
Братислава;city;BTS;
Гардайя;city;GHA;
Душанбе;city;DYU;
Кемпбелтон;city;XAZ;
Ла Порте;city;LPO;
Манассас;city;MNZ;
Навабшах;city;WNS;
Пальма-де-Майорка;city;PMI;:мальорка:маерка:мальерка
Рейкьявик;city;REK;
Сен Брие;city;SBK;
Тегусигальпа;city;TGU;
Форт-Стоктон;city;FST;
Шверин;city;ZSR;
Арвидсьяур;city;AJR;
Братск;city;BTK;
Гарден-Сити;city;GCK;
Дхака;city;DAC;
Кемпси;city;KPS;
Ла Рош;city;EDM;
Манаус;city;MAO;
Навегантес;city;NVT;
Пальмас;city;PMW;
Реймс;city;RHE;
Сен Мориц;city;SMV;
Тексаркана;city;TXK;
Форт-Уачука;city;FHU;
Шебойган;city;SBM;
Ардабил;city;ADU;
Браунвуд;city;BWD;
Гаруа;city;GOU;
Дхарамсала;city;DHM;
Кенаи;city;ENA;
Ла Серена;city;LSC;
Мангалор;city;IXE;
Нагасаки;city;NGS;
Пальмерстон;city;PMR;
Рейнбоу Лейк;city;YOP;
Сен-Бартельми;city;SBH;
Тела;city;TEA;
Форт-Уильям;city;FWM;
Шенектеди;city;SCH;
Ардмор;city;ADM;
Браунсвилль;city;BRO;
Гаспе;city;YGP;
Дхахран;city;DHA;
Кеннет;city;KNT;
Ла Табатьер;city;ZLT;
Мангейм;city;MGH;
Нагоя;city;NGO;
Памплона;city;PNA;
Рейнджер;city;RGR;
Сен-Гиацинт;city;XIM;
Телемако-Борба;city;TEC;
Форт-Уорт;city;FTW;
Шеннон;city;SNN;
Арекуипа;city;AQP;
Брауншвейг;city;BWE;
Гассим;city;ELQ;
Дьен Бьен Фу;city;DIN;
Кенора;city;YQK;
Лаайюн;city;EUN;
Мангейм;city;MHG;
Нагпур;city;NAG;
Панама-Сити;city;PFN;
Рейноса;city;REX;
Сенд Поинт;city;SDP;
Теллурайд;city;TEX;
Форт-Уэйн;city;FWA;
Шеньян;city;SHE;
Ариват;city;YEK;
Бревиг Миссион;city;KTS;
Гастингс;city;HSI;
Дьеп;city;DPE;
Кеноша;city;ENW;
Лабаса;city;LBS;
Мандалей;city;MDL;
Нади;city;NAN;
Панама-Сити;city;PTY;
Ренмарк;city;RMK;
Сендаи;city;SDJ;
Форт-Франсис;city;YAG;
Шеппартон;city;SHT;
Арика;city;ARI;
Брекенридж;city;QKB;
Гатино Халл;city;YND;
Дэань;city;DYG;
Кентланд;city;KKT;
Лабуан;city;LBU;
Манзанилло;city;ZLO;
Надор;city;NDR;
Пангкор;city;PKG;
Ренн;city;RNS;
Сендэй;city;NDY;
Темпль;city;TPL;
Фрайди Харбор;city;FRD;
Шербрук;city;YSC;
Армения;city;AXM;
Бремен;city;BRE;
Гатлинбург;city;GKT;
Дэдменз-Кей;city;LGI;
Кеокук;city;EOK;
Лавас;city;LWY;
Манзанильо;city;MZO;
Найроби;city;NBO;
Пангниртунг;city;YXP;
Рено;city;RNO;
Сен-Лоран-дю-Марони;city;LDX;
Темс;city;TMZ;
Франклин;city;FKL;
Шербур;city;CER;
Армидейл;city;ARM;
Бремертон;city;PWT;
Гбангбаток;city;GBK;
Дэйдрим-Айленд;city;DDI;
Кеп-Гаитиен;city;CAP;
Лавертон;city;LVO;
Манзини;city;MTS;
Накасибецу;city;SHB;
Папа-Вестрей;city;PPW;
Ресистенсия;city;RES;
Сен-Мартен;city;CCE;
Темуко;city;ZCO;
Шеридан;city;SHR;
Армстронг;city;YYW;
Бремерхафен;city;BRV;
Гвадалахара;city;GDL;
Дэнвилл;city;DAN;
Керетаро;city;QRO;
Лагос;city;LOS;
Манизалес;city;MZL;
Накина;city;YQN;
Папеэте;city;PPT;
Ресифи;city;REC;
Сен-Назер;city;SNR;
Тенерифе;city;TCI;
Франсвиль Mvengue;city;MVB;
Шерман;city;PNX;
Арнем;city;QAR;
Бремптон-Айленд;city;BMP;
Гваймас;city;GYM;
Дэнвилл;city;DNV;
Керикери;city;KKE;
Лагос-Де-Морено;city;LOM;
Манила;city;MNL;
Наксос;city;JNX;
Парабурду;city;PBO;
Реталуелу;city;RER;
Сен-Пьер;city;FSP;
Теннант Крик;city;TCA;
Франт-Ройял;city;FRR;
Шеффервилл;city;YKL;
Аррас;city;QRV;
Бренсон Поинт Лукаут;city;PLK;
Гватемала-Сити;city;GUA;
Дюбуа;city;DUJ;
Керкира;city;CFU;
Ла-Гранде;city;LGC;
Манитовок;city;MTW;
Накхон Патхом;city;KOP;
Парамарибо;city;PBM;
Реус;city;REU;
Сен-Пьер;city;YPM;
Те-Пас;city;YQD;
Фредерик;city;FDK;
Шеффилд;city;SZD;
Артигас;city;ATI;
Брест;city;BES;
Гверу;city;GWE;
Дюбюк;city;DBQ;
Керман;city;KER;
Ла-Дезираде;city;DSD;
Манитсок;city;JSU;
Нальчик;city;NAL;
Парана;city;PRA;
Реюньон-Айленд;city;RUN;
Сент Антони;city;YAY;
Тепик;city;TPQ;
Фредериктон;city;YFC;
Шимани;city;SZY;
Артурс-Таун;city;ATC;
Брест;city;BQT;
Гданьск;city;GDN;
Дюнкерк;city;XDK;
Керманшах;city;KSH;
Лае;city;LAE;
Манитувейдж;city;YMG;
Намдрик;city;NDK;
Паранагуа;city;PNG;
Рибейран-Прету;city;RAO;
Сент Джозеф;city;STJ;
Терезина;city;THE;
Френсистаун;city;FRW;
Шимкент;city;CIT;
Аруба;city;AUA;
Брив ла Гайард;city;BVE;
Гейло;city;DLD;
Дюссельдорф;city;DUS;
Кернс;city;CNS;
Лаесо-Айленд;city;BYR;
Манкато;city;MKT;
Намлеа;city;NAM;
Парапарауму;city;PPQ;
Риверсайд;city;RAL;
Сент Джордж;city;SGO;
Термополис;city;THP;
Фресно;city;FAT;
Шираз;city;SYZ;
Аруша;city;ARK;
Бриджпорт;city;BDR;
Гейлорд;city;GLR;
Екатеринбург;city;SVX;:свердловск:ебург:ёбург:е-бург
Керри-Канти;city;KIR;
Лажис;city;LAJ;
Манки Миа;city;MJK;
Нампула;city;APL;
Пардубице;city;PED;
Ривертон;city;RIW;
Сент Джордж;city;SGU;
Террас;city;YXT;
Фрехус;city;FRJ;
Шицзяжун;city;SJW;
Архангельск;city;ARH;
Бриджтаун;city;BGI;
Гейнсвилль;city;GLE;
Ереван;city;EVN;
Кертех;city;KTE;
Лайтнинг-Ридж;city;LHG;
Манси;city;MIE;
Намсос;city;OSY;
Ривьер-дю-Лу;city;YRI;
Сент Клуд;city;STC;
Террейс Бэй;city;YTJ;
Фридрихшафен;city;FDH;
Шлияк;city;SLD;
Асалойе;city;YEH;
Бриндизи;city;BDS;
Гейнсвилль;city;GNV;
Женева;city;GVA;
Кетчикан;city;KTN;
Лакленд;city;LAL;
Манта;city;MEC;
Нан Таиланд;city;NNT;
Париж;city;PHT;
Рига;city;RIX;
Сент Кроикс;city;STX;
Террелл;city;TRL;
Фримантл;city;JFM;
Шоле;city;CET;
Асахикава;city;AKJ;
Брисбен;city;BNE;
Гейтерсбург;city;GAI;
Женерал Сантос;city;GES;
Кефалония;city;EFL;
Лакнау;city;LKO;
Манус-Айленд;city;MAS;
Нанаймо;city;YCD;
Париж;city;PRX;
Ригге;city;ZXU;
Сент Огустин;city;UST;
Терре-От;city;HUF;
Фрипорт;city;FPO;
Шони;city;SNL;
Аскона;city;ACO;
Бристоль;city;BRS;
Гелвстон;city;GLS;
Жешов;city;RZE;
Кзыл-Орда;city;KZO;
Лакониа;city;LCI;
Манхэттен;city;MHK;
Наннин;city;NNG;
Парк Рэпидз;city;PKD;
Ридинг;city;RDG;
Сент Симон Айленд;city;SSI;
Терсдей-Айленд;city;TIS;
Фритаун;city;FNA;
Шонла;city;SQH;
Асмэра;city;ASM;
Бристоль;city;TRI;
Гелонг;city;GEX;
Жилина;city;ILZ;
Ки Ларго;city;KYL;
Ла-Корунья;city;LCG;
Манчестер;city;MAN;
Нанорталик;city;JNN;
Паркерсбург;city;PKB;
Риека;city;RJK;
Сент Тереса Поинт;city;YST;
Терсейра;city;TER;
Фрицлар;city;FRZ;
Шоу Ло;city;SOW;
Аспен;city;ASE;
Брно;city;BRQ;
Генуя;city;GOA;
Жиллет;city;GCC;
Кигали;city;KGL;
Лакселв;city;LKL;
Манчестер;city;MHT;
Нанси;city;ENC;
Паркес;city;PKE;
Рим;city;RMA;
Сент Томас;city;STT;
Тете;city;TET;
Фукуока;city;FUK;
Шпангдалем;city;SPM;
Астана;city;TSE;
Броквиль;city;XBR;
Гераклион;city;HER;:крит:остров крит
Жоакаба;city;JCB;
Киев;city;IEV;
Ламар;city;LAA;
Маота;city;MXS;
Нант;city;NTE;
Парма;city;PMF;
Рим;city;RMG;
Сент Хеленс;city;HLS;
Тетерборо;city;TEB;
Фукусима;city;FKS;
Шревспорт;city;SHV;
Остров Астипалайя;city;JTY;
Брокен-Боу;city;BBW;
Гери;city;GYY;
Жоао Пессоа;city;JPA;
Килиманджаро;city;JRO;
Ламбертон;city;LBT;
Мапуто;city;MPM;
Нантакет;city;ACK;
Парнаиба;city;PHB;
Сент-Винсент;city;SVD;
Теуакан;city;TCN;
Фукуэ;city;FUJ;
Шринагар;city;SXR;
Астория;city;AST;
Брокен-Хилл;city;BHQ;
Гернси;city;GCI;
Жуазейру-ду-Норти;city;JDO;
Килин;city;ILE;
Ламезия Терме;city;SUF;
Мараба;city;MAB;
Нануки;city;NYK;
Паро;city;PBH;
Сент-Джон;city;SJF;
Тефе;city;TFF;
Фуллертон;city;FUL;
Штраубинг;city;RBM;
Астрахань;city;ASF;
Бромонт;city;ZBM;
Геттисбург;city;GTY;
Жуис-ди-Фора;city;JDF;
Киллинек;city;XBW;
Лампанг;city;LPT;
Маракаибо;city;MAR;
Нанцзин;city;NKG;
Парос;city;PAS;
Римуски;city;YXK;
Сент-Джон;city;YSJ;
Тиват;city;TIV;
Фунафути;city;FUN;
Штутгарт;city;SGT;
Астуриас;city;OVD;
Броннойзунд;city;BNN;
Гибралтар;city;GIB;
Журадо;city;JUO;
Киль;city;KEL;
Лампедуза;city;LMP;
Маракай;city;MYC;
Нанчанг;city;KHN;
Парри-Саунд;city;YPD;
Рио Бранко;city;RBR;
Сент-Джонс;city;YYT;
Тикал;city;TKM;
Фунчал;city;FNC;
Штутгарт;city;STR;
Асуан;city;ASW;
Броули;city;BWC;
Гизборн;city;GIS;
Жушань;city;HSN;
Кимберли;city;KIM;
Ламу;city;LAU;
Мара-Лоджес;city;MRE;
Наньтун;city;NTG;
Пасадена;city;JPD;
Рио Гранде;city;RIG;
Сент-Киттс;city;SKB;
Тикехау;city;TIH;
Фучжоу;city;FOC;
Шугар Ленд;city;SGR;
Асунсьон;city;ASU;
Бруаррина;city;BWQ;
Гизо;city;GZO;
Загреб;city;ZAG;
Киммирут Лейк-Харбор;city;YLC;
Ланаи;city;LNY;
Маратон;city;YSP;
Напа;city;APC;
Паскагула;city;PGL;
Рио Дульче;city;LCF;
Сент-Леонард;city;YSL;
Тилабари;city;IXI;
Фучуан;city;INC;
Шут-Харбор;city;JHQ;
Атар;city;ATR;
Брукингс;city;BKX;
Гилгит;city;GIL;
Задар;city;ZAD;
Кинг оф Пруссия;city;KPD;
Лангкави;city;LGK;
Марафон;city;MTH;
Напани;city;XIF;
Паско;city;PSC;
Рио-Гальегос;city;RGL;
Сент-Луис;city;STL;
Тимару;city;TIU;
Фуэрте-Олимпо;city;OLK;
Шэньчжэнь;city;SZX;
Атенс;city;AHN;
Брум;city;BME;
Гиллам;city;YGX;
Закатекас;city;ZCL;
Кинг Салмон;city;AKN;
Лангфорд;city;XEJ;
Маргарет-Ривер;city;MQZ;
Напье-Хастингс;city;NPE;
Пасо де лос Либрес;city;AOL;
Рио-Гранде;city;RGA;
Сент-Люсия;city;SLU;
Тимика;city;TIM;
Фэирмонт-Спрингс;city;YCZ;
Щецин;city;SZZ;
Атенс;city;ATO;
Брумфилд;city;BJC;
Гимпи;city;GYP;
Закинтос;city;ZTH;
Кинг Халид Мил. Сити;city;KMC;
Ландскруна;city;JLD;
Маргарет-Ривер-Стейшн;city;MGV;
Наракурте;city;NAC;
Пасо-Роблес;city;PRB;
Рио-де-Жанейро;city;RIO;
Сент-Маартен;city;SXM;:сен-мартен:сент-мартен:синт-мартен
Тимисоара;city;TSR;
Фэрбанкс;city;FAI;
Эбилин;city;ABI;
Атибайя;city;ZBW;
Брэйнтри;city;WXF;
Гисеный;city;GYI;
Зальцбург;city;SZG;
Кинг-Айленд;city;KNS;
Ланкастер;city;LNS;
Мар-дель-Плата;city;MDQ;
Наратхиват;city;NAW;
Пассо-Фундо;city;PFB;
Рио-Кварто;city;RCU;
Сент-Мари;city;SMS;
Тимминс;city;YTS;
Фэрмонт;city;FRM;
Эбон;city;EBO;
Атикокан;city;YIB;
Брэмптон;city;XPN;
Глазго;city;GGW;
Занесвилль;city;ZZV;
Кингз Каньон;city;KBJ;
Ланкастер;city;WJF;
Мардин;city;MQM;
Нарвик;city;NVK;
Пасто;city;PSO;
Ричардс Бэй;city;RCB;
Сент-Пол;city;STP;
Тингвон;city;TIG;
Хаапай;city;HPA;
Эвансвилль;city;EVV;
Атланта;city;ATL;
Брэндон;city;YBR;
Глазго;city;GLA;
Занзибар;city;ZNZ;
Кингман;city;IGM;
Ланнион;city;LAI;
Марианске-Лазне;city;MKA;
Наре;city;NAR;
Патна;city;PAT;
Ричленд;city;RLD;
Сентралия;city;ENL;
Тиниан;city;TIQ;
Хабаровск;city;KHV;
Эванстон;city;EVW;
Атлантик-Сити;city;AIY;
Брэнтфорд;city;XFV;
Глазго;city;GLW;
Запорожье;city;OZH;
Кингс Линн;city;KNF;
Лансерия;city;HLA;
Марибор;city;MBX;
Наррабри;city;NAA;
Патрас;city;GPA;
Ричмонд;city;RIC;
Сент-Томас;city;YQS;
Тиоман;city;TOD;
Хадсон-Бей;city;YHB;
Эвелет;city;EVM;
Атолл Бикини;city;BII;
Брюссель;city;BRU;
Гласьер-Бей;city;GST;
Зелена-Гора;city;IEG;
Кингсвилль;city;NQI;
Лансинг;city;LAN;
Мариго Сен-Мартен;city;MSB;
Наррандера;city;NRA;
Паттайа;city;PYX;
Ричфилд;city;RIF;
Сент-Эстатиус;city;EUX;
Тира о-в;city;JTR;
Хаиль;city;HAS;
Эверетт;city;PAE;
Аттавапискат;city;YAT;
Будапешт;city;BUD;
Гленвуд-Спрингс;city;GWS;
Зенджан;city;JWN;
Кинг-Сити;city;KIC;
Ланцарот;city;ACE;
Мариетта;city;MGE;
Нарсак;city;JNS;
Пату-Бранку;city;PTO;
Рияд;city;RUH;
Сент-Этьен;city;EBU;
Тирана;city;TIA;
Хай Левел;city;YOJ;
Эвре;city;EVX;
Атуона;city;AUQ;
Буджумбура;city;BJM;
Гленз Фоллз;city;GFL;
Зиген;city;SGE;
Кингскот;city;KGC;
Ланчжоу;city;LHW;
Мариехамн;city;MHQ;
Нарсарсуак;city;UAK;
Паукипси;city;POU;
Риян;city;RIY;
Сесснок;city;CES;
Тиргу Мурес;city;TGM;
Хайгерстоун;city;HGR;
Эгилсстадир;city;EGS;
Атырау;city;GUW;
Бузиос;city;BZC;
Глен-Иннс;city;GLI;
Зигиншор;city;ZIG;
Кингстон;city;KIN;
Лаоаг;city;LAO;
Марилиа;city;MII;
Нассау;city;NAS;
Пауэлл-Ривер;city;YPW;
Роанок;city;ROA;
Сет-Иль;city;YZV;
Тири;city;TRE;
Хайде-Бюсум;city;HEI;
Эдвард-Ривер;city;EDR;
Аугсбург;city;AGB;
Букараманга;city;BGA;
Гленко;city;XZC;
Зона Шетландских островов;city;SDZ;
Кингстон;city;YGK;
Ла-Пас;city;LAP;
Маринга;city;MGF;
Наталь;city;NAT;
Пафос;city;PFO;
Роанок Рэпидз;city;RZZ;
Сеул;city;SEL;
Тируванантапурам;city;TRV;
Хайдельберг;city;HDB;
Эдей;city;EOI;
Аугуста;city;AGS;
Булауайо;city;BUQ;
Глостер;city;GLO;
Зоннеберг;city;ZSG;
Кини;city;EEN;
Ла-Пас;city;LPB;
Марион;city;MWA;
Наташкуан;city;YNA;
Пейнисвилль;city;PVZ;
Роатан;city;RTB;
Сечельт;city;YHS;
Тирупати;city;TIR;
Хайден;city;HDN;
Эдентон;city;EDE;
Аугуста;city;AUG;
Булиа;city;BQL;
Глэдстон;city;GLT;
Зуерате;city;OUZ;
Кинмень;city;KNH;
Ла-Плата;city;LPG;
Мариуполь;city;MPW;
Натуашиш;city;YNP;
Пейсон;city;PJB;
Роберваль;city;YRJ;
Сиалкот;city;SKT;
Тиручираппали;city;TRZ;
Хайдерабад;city;HYD;
Эдинбург;city;EDI;
Аурангабад;city;IXU;
Буллфрог Базин;city;BFG;
Гоа;city;GOI;
Иаси;city;IAS;
Кинстон;city;ISO;
Лаппенранта;city;LPP;
Маркетт;city;MQT;
Натчез;city;HEZ;
Пеканбару;city;PKU;
Рованиеми;city;RVN;
Сиангхуанг;city;XKH;
Тиссайд;city;MME;
Хайкоу;city;HAK;
Эдмонтон;city;YEA;
Аусиаит;city;JEG;
Буллхед;city;IFP;
Говернадор-Валадарес;city;GVR;
Ибинь;city;YBP;
Киншаса;city;FIH;
Лар;city;LHA;
Марнардал;city;ZYY;
Нахон Си Таммарат;city;NST;
Родез;city;RDZ;
Сиань;city;SIA;
Тистед;city;TED;
Хайлар;city;HLD;
Эдсон;city;YET;
Афины;city;ATH;
Буми-Хиллз;city;BZH;
Говернорс-Харбор;city;GHB;
Киото;city;UKY;
Ларамье;city;LAR;
Мароуа;city;MVR;
Нахон-Ратчасима;city;NAK;
Пелли-Бей;city;YBB;
Роджерс;city;ROG;
Сибиу;city;SBZ;
Титусвилль;city;TIX;
Хайфа;city;HFA;
Эйкен;city;AIK;
Ахен;city;AAH;
Бундаберг;city;BDB;
Гозо;city;GZM;
Ивало;city;IVL;
Киркволл;city;KOI;
Ларедо;city;LRD;
Марракеш;city;RAK;
Нашвилл;city;BNA;
Пеллстон;city;PLN;
Родос;city;RHO;
Сибу;city;SBW;
Тиф-Ривер-Фолз;city;TVF;
Хакодате;city;HKD;
Эйлат;city;ETH;
Ахмедабад;city;AMD;
Буонматхуот;city;BMV;
Гол;city;GLL;
Ивами;city;IWJ;
Киркенес;city;KKN;
Ла-Риоха;city;IRJ;
Марса-Алам;city;RMF;
Нашуа;city;ASH;
Пелотас;city;PET;
Родригес-Айленд;city;RRG;
Сивас;city;VAS;
Тифтон;city;TMA;
Халапа;city;JAL;
Эймос;city;YEY;
Ашкрофт;city;YZA;
Бурбанк;city;BUR;
Голгуин;city;HOG;
Иваново;city;IWA;
Киркленд;city;YKX;
Лариса;city;LRA;
Марсель;city;MRS;
Нгаундере;city;NGE;
Пемброк;city;YTA;
Розбург;city;RBG;
Сигуанеа;city;SZJ;
Тихуана;city;TIJ;
Халмстад;city;HAD;
Эйндховен;city;EIN;
Ашхабад;city;ASB;
Бургас;city;BOJ;
Голд-Коуст;city;OOL;
Ивано-Франковск;city;IFO;
Кирксвилль;city;IRK;
Ларнака;city;LCA;
Мартас Вайн-ярд;city;MVY;
Нджамена;city;NDJ;
Пенанг;city;PEN;
Розуэлл;city;ROW;
Сидар-Рапидс;city;CID;
Тобаго;city;TAB;
Хамар;city;HMR;
Эйнсуорт;city;ANW;
Аяччо;city;AJA;
Бури-Рам;city;BFV;
Голдсборо;city;GSB;
Иву;city;YIW;
Кируна;city;KRN;
Ла-Романа;city;LRM;
Мартинсбург;city;MRB;
Ндола;city;NLA;
Пендлетон;city;PDT;
Рой Ет;city;ROI;
Сидней;city;SDY;
Тобольск;city;TOX;
Хамберсайд;city;HUY;
Эйр Австралия;city;AYR;
Ба;city;BFJ;
Бурке;city;BRK;
Голуэй;city;GWY;
Игл;city;EAA;
Кирьят-Шмона;city;KSW;
Ла-Рошель;city;LRH;
Маруди;city;MUR;
Неаполь;city;APF;
Пенемюнде;city;PEF;
Рок Саунд;city;RSD;
Сидней;city;SNY;
Тобрук;city;TOB;
Хамильтон-Айленд;city;HTI;
Экс-ан-Прованс;city;QXB;
Багдад;city;BGW;
Бурктаун;city;BUC;
Гомель;city;GME;
Игл;city;EGE;
Киссимми;city;ISM;
Лас Крусес;city;LRU;
Марухидор;city;MCY;
Неаполь;city;NAP;
Пенза;city;PEZ;
Роки Маунт;city;RWI;
Тожиак;city;TOG;
Хамис-Мушаит;city;KMX;
Эксетер;city;EXT;
Багдогра;city;IXB;
Бурни;city;BWT;
Гонконг;city;HKG;
Игл-Пасс;city;EGP;
Кисуму;city;KIS;
Лас-Вегас;city;LAS;
Маршалл;city;ASL;
Неверс;city;NVS;
Пензанс;city;PZE;
Рокленд;city;RKD;
Сидней;city;YQY;
Тозер;city;TOE;
Хаммерфест;city;HFT;
Экскуршен Инлет;city;EXI;
Баготвилль;city;YBG;
Бурса;city;BTZ;
Гонолулу;city;HNL;
Игл-Ривер;city;EGV;
Кита Кюсю;city;KKJ;
Лас-Вегас;city;LVS;
Маршалл;city;MML;
Невис;city;NEV;
Пенсакола;city;PNS;
Рокпорт;city;RKP;
Сиего де Авила;city;AVI;
Ток;city;TKJ;
Ханой;city;HAN;
Эксмаус-Галф;city;EXM;
Багуйо;city;BAG;
Бусан;city;PUS;:пусан
Горока;city;GKA;
Иглулик;city;YGT;
Китира;city;KIT;
Ла-Сейба;city;LCE;
Маршалтоун;city;MIW;
Невсехир;city;NAV;
Пентиктон;city;YYF;
Роксас сити;city;RXS;
Сием Рип;city;REP;
Токаношима;city;TKN;
Хантингбург;city;HNB;
Элайенс;city;AIA;
Бадахос;city;BJZ;
Бутте;city;BTM;
Гетеборг;city;GOT;:Готенбург:Гётеборг
Игуасу;city;IGR;
Кито;city;UIO;
Лас-Пьедрас;city;LSP;
Маршфилд;city;MFI;
Негрил;city;NEG;
Пеория;city;PIA;
Рок-Спрингс;city;RKS;
Сиена;city;SAY;
Токио;city;TYO;
Хантингтон;city;HTS;
Элдорет;city;EDL;
Базель;city;BSL;
Бутуан;city;BXU;
Гоув;city;GOV;
Игуасу-Фоллз;city;IGU;
Киттила;city;KTT;
Латакия;city;LTK;
Марш-Харбор;city;MHH;
Неджран;city;EAM;
Перейра;city;PEI;
Рокфор;city;RFD;
Сиенфуэгос;city;CFG;
Токумвал;city;TCW;
Хантсвилль;city;HSV;
Эли Мн;city;LYU;
Байе-Комо;city;YBC;
Буффало;city;BUF;
Гояния;city;GYN;
Игуату;city;QIG;
Китченер;city;YKF;
Латакунда;city;LTX;
Мары;city;MYP;
Нельсон;city;NSN;
Периге;city;PGX;
Рокхэмптон;city;ROK;
Сиж;city;EGM;
Токусима;city;TKS;
Хантсвилль;city;HTV;
Эли Нв;city;ELY;
Байройт;city;BYU;
Бухара;city;BHK;
Граватаи;city;GCV;
Иерусалим;city;JRS;
Ки-Уэст;city;EYW;
Латроуб;city;LBE;
Масвинго;city;MVZ;
Нельспрут;city;NLP;
Ролла;city;RLA;
Силвер Сити;city;SVC;
Толедо;city;TOL;
Ханты-Мансийск;city;HMA;
Элизабет-Сити;city;ECG;
Байя-Бланка;city;BHI;
Бухарест;city;BUH;
Гранада;city;GRX;
Ижевск;city;IJK;
Кишинев;city;KIV;
Ла-Тюк;city;YLQ;
Масейо;city;MCZ;
Нен;city;YDP;
Перпиньян;city;PGF;
Рондонополис;city;ROO;
Силхет;city;ZYL;
Толедо;city;TOW;
Ханчжоу;city;HGH;
Элизабеттаун;city;EKX;
Байя-де-Лос-Анжелес;city;BHL;
Бушехр;city;BUZ;
Гранд Джанкшн;city;GJT;
Измир;city;IZM;
Клавок;city;KLW;
Лафайетт;city;LAF;
Масеру;city;MSU;
Нерюнгри;city;NER;
Перт;city;PER;
Роннебю;city;RNB;
Симла;city;SLV;
Толука;city;TLC;
Ханья;city;CHQ;
Элис Спрингз;city;ASP;
Байя-Маре;city;BAY;
Буэнос-Айрес;city;BUE;
Гранд Рапидс;city;GPZ;
Изумо;city;IZO;
Клагенфурт;city;KLU;
Лафайетт;city;LFT;
Маскегон;city;MKG;
Неукен;city;NQN;
Перу;city;VYS;
Рорвик;city;RVK;
Симферополь;city;SIP;
Томангонг;city;TMG;
Хараре;city;HRE;
Элиста;city;ESL;
Бакалалан;city;BKM;
Бхопал;city;BHO;
Гранд Рапидс;city;GRR;
Икалуит;city;YFB;
Клайд-Ривер;city;YCY;
Лахад-Дату;city;LDU;
Маскоги;city;MKO;
Нефтеюганск;city;NFG;
Перуджа;city;PEG;
Ророс;city;RRS;
Сингапур;city;SIN;
Том-Прайс;city;TPR;
Харбин;city;HRB;
Элкинс;city;EKN;
Баколод;city;BCD;
Бхубанесвар;city;BBI;
Гранд Турк;city;GDT;
Икуике;city;IQQ;
Клайпеда;city;KLJ;
Лахор;city;LHE;
Масл-Шоалз;city;MSL;
Ниагара Фоллз;city;IAG;
Пескара;city;PSR;
Росарио;city;ROS;
Синглтон;city;SIX;
Томпсон;city;YTH;
Харбор-Айленд;city;HBI;
Элко;city;EKO;
Баку;city;BAK;
Бхудж;city;BHJ;
Гранд Форкс;city;GFK;
Икуитос;city;IQT;
Кламмат Фоллз;city;LMT;
Лацаро-Карденас Михоакен;city;LZC;
Массена;city;MSS;
Ниагара-Фолз;city;XLV;
Пескичи;city;PEJ;
Роскильде;city;RKE;
Синин;city;XNN;
Томск;city;TOF;
Харга;city;UVL;
Элк-Сити;city;ELK;
Бакэу;city;BCM;
Быдгошч;city;BZG;
Гранд-Айленд;city;GRI;
Илеус;city;IOS;
Кларксбург;city;CKB;
Ле Пуй;city;LPY;
Мастертон;city;MRO;
Ниамей;city;NIM;
Петерсбург;city;PSG;
Ростов;city;ROV;
Синоу;city;SNI;
Тонгрен;city;TEN;
Харлинген;city;HRL;
Эллиот-Лейк;city;YEL;
Балале;city;BAS;
Бэйрнсдейл;city;BSJ;
Гранд-Каньон;city;GCN;
Илуилиссат;city;JAV;
Кларксвилль;city;CKV;
Ле Туке;city;LTQ;
Масхад;city;MHD;
Нидл;city;EED;
Петерсбург;city;PTB;
Росток Лаге;city;RLG;
Синтай;city;XNT;
Тонопах;city;TPH;
Харрисбург;city;HAR;
Эль Дорадо;city;ELD;
Баликесир;city;BZI;
Бэнкстаун;city;BWU;
Гранд-Прери;city;YQU;
Илфорд;city;ILF;
Кларксдейл;city;CKM;
Леармонс;city;LEA;
Матаморос;city;MAM;
Нижневартовск;city;NJC;
Петрозаводск;city;PES;
Рота;city;ROP;
Синъи;city;ACX;
Топека;city;TOP;
Харрисмит;city;HRS;
Эль Кахон;city;CJN;
Баликпапан;city;BPN;
Бэттл-Крик;city;BTL;
Гран-Канария;city;LPA;
Иль де Пэн;city;ILP;
Клеар Лейк Сити;city;CLC;
Легаспи;city;LGP;
Матанзас;city;VRO;
Нижний Новгород;city;GOJ;:горький
Петролина;city;PNZ;
Роторуа;city;ROT;
Сиокс Сити;city;SUX;
Торонто;city;YTO;
Харрисон;city;HRO;
Эль Монте;city;EMT;
Баллина;city;BNK;
Вааса;city;VAA;
Грасиоса-Айленд;city;GRW;
Ильс де Мадель;city;YGR;
Клемсон;city;CEU;
Ледисмит;city;LAY;
Матапедиа;city;XLP;
Ниигата;city;KIJ;
Петропавловск;city;PPK;
Ротсей;city;RAY;
Сион;city;SIR;
Торреон;city;TRC;
Харстад-Нарвик;city;EVE;
Эль Сентро;city;IPL;
Балмаседа;city;BBA;
Вабуш;city;YWK;
Графтон;city;GFN;
Императриз;city;IMP;
Клермонт;city;CMQ;
Лейк Джексон;city;LJN;
Матарам;city;AMI;
Ним;city;FNI;:нимес
Петропавловск-Камчатский;city;PKC;
Роттердам;city;RTM;
Сиракузы;city;SYR;
Торрингтон;city;TOR;
Хартум;city;KRT;
Остров Эльба;city;EBA; Elba:Эльба
Балтимор;city;BWI;
Вава;city;YXZ;
Грац;city;GRZ;
Инверелл;city;IVR;
Клермон-Ферран;city;CFE;
Лейк Хавасу Сити;city;HII;
Маттун;city;MTO;
Нинбо;city;NGB;
Печ;city;PEV;
Роттнест;city;RTS;
Сирос-Айленд;city;JSY;
Тортола Вестенд;city;TOV;
Хартфорд;city;HFD;
Эль-Баха;city;ABT;
Бамага;city;ABM;
Вавау;city;VAV;
Грейт Баррингтон;city;GBR;
Инверкаргилл;city;IVC;
Кливленд;city;CLE;
Лейк Чарльз;city;LCH;
Матурин;city;MUN;
Нинган;city;NYN;
Пешавар;city;PEW;
Роулинс;city;RWL;
Сисимиут;city;JHS;
Тортоли;city;TTB;
Харьков;city;HRK;
Эль-Больсон;city;EHL;
Бамако;city;BKO;
Вагга-Вагга;city;WGA;
Грейт Бенд;city;GBD;
Инвернесс;city;INV;
Клинтон;city;CSM;
Лейк-Тахо;city;TVL;
Матэйн;city;YME;
Нитерой;city;QNT;
Пештаны;city;PZY;
Рочестер;city;ROC;
Ситка;city;SIT;
Тортукеро;city;TTQ;
Хасси Мессаоуд;city;HME;
Эль-Вигиа;city;VIG;
Банбери;city;BUY;
Вадодара;city;BDQ;
Грейт Фоллз;city;GTF;
Ингэм;city;IGH;
Клинтон;city;CWI;
Лейнстер;city;LER;
Мауи;city;OGG;
Ницца;city;NCE;
Пиедрас-Неграс;city;PDS;
Рочестер;city;RST;
Сиудад-Боливар;city;CBL;
Тоттори;city;TTJ;
Хат Яи;city;HDY;
Эль-Гайда;city;AAY;
Бангалор;city;BLR;
Вадсё;city;VDS;
Грейт-Барьер-Айленд;city;GBZ;
Индиана;city;IDI;
Кловис;city;CVN;
Лейпциг;city;LEJ;
Маун;city;MUB;
Ниш;city;INI;
Пиза;city;PSA;
Рош Пина;city;RHN;
Сиудад-Виктория;city;CVM;
Тофино;city;YAZ;
Хатинохэ;city;HHE;
Эль-Калафате;city;FTE;
Вайалла;city;WYA;
Гренада;city;GND;
Индианаполис;city;IND;
Клонкарри;city;CNJ;
Лекнес;city;LKN;
Маунт-Вернон;city;MVN;
Новосибирск;city;OVB;
Пикль Лэйк;city;YPL;
Рош Пина;city;RPN;
Сиудад-дель-Кармен;city;CME;
Тояма;city;TOY;
Хаттисберг;city;HBG;
Элькхарт;city;EKI;
Бангор;city;BGR;
Вайзалиа;city;VIS;
Гренобль;city;GNB;
Индор;city;IDR;
Клуж;city;CLJ;
Лексингтон;city;LEX;
Маунт-Гамбьер;city;MGB;
Ново-Хамбурго;city;QHV;
Пико-Айленд;city;PIX;
Рош Харбор;city;RCE;
Сиудад-дель-Эсте;city;AGT;
Трабзон;city;TZX;
Хатчинсон;city;HUT;
Эльмира;city;ELM;
Бангуи;city;BGF;
Вайоминг;city;XWY;
Гримсби;city;GSY;
Инид;city;WDG;
Кобар;city;CAZ;
Лексингтон;city;LXN;
Маунтин Вилладж;city;MOU;
Новра;city;NOA;
Пиктон;city;PCN;
Рошфор;city;RCO;
Сиудад-Конститусьон;city;CUA;
Траверс-Сити;city;TVC;
Хаугезунд;city;HAU;
Эль-Пасо;city;ELP;
Банда Асе;city;BTJ;
Вакатан;city;WHK;
Гримсби;city;XGY;
Иниокерн;city;IYK;
Кобе;city;UKB;
Лелистад;city;LEY;
Маунтин Вью;city;NUQ;
Новый Орлеан;city;MSY;
Пинотепа-Насионал;city;PNO;
Руан;city;RNE;
Сиудад-Манте;city;MMC;
Траки;city;TKF;
Хауторн;city;HHR;
Эль-Сальвадор;city;ESR;
Бандар-Лампунг;city;TKG;
Вакканаи;city;WKJ;
Грин Бэй;city;GRB;
Иннсбрук;city;INN;
Ковентри;city;CVT;
Ле-Ман;city;LME;
Маунтин Хоум;city;MUO;
Новый Уренгой;city;NUX;
Пис-Ривер;city;YPE;
Руан;city;URO;
Сиудад-Обрегон;city;CEN;
Транг;city;TST;
Хауфтон;city;CMX;
Элязыг;city;EZS;
Бандар-Сеги-Бегаван;city;BWN;
Вако;city;ACT;
Грин Ривер;city;RVR;
Интернешнл Фоллз;city;INL;
Коди;city;COD;
Лемор;city;NLC;
Маунтин Хоум;city;WMH;
Ногалес;city;NOG;
Питерборо;city;XVH;
Руидозо;city;RUI;
Сиудад-Реал;city;CJI;
Трапани;city;TPS;
Хафр-Альбатин;city;HBT;
Эмералд;city;EMD;
Банджармасин;city;BDJ;
Ваксьо;city;VXO;
Гринвилль;city;GCY;
Инувик;city;YEV;
Кодьяк;city;ADQ;
Лендс-Энд;city;LEQ;
Маунт-Иса;city;ISA;
Ногалес;city;OLS;
Питерборо;city;YPQ;
Руин-Норанда;city;YUY;
Сиудад-Хуарес;city;CJS;
Траралгон;city;TGN;
Хачиджо Джима;city;HAC;
Энглси;city;VLY;
Банджул;city;BJL;
Валверде;city;VDE;
Гринвилль;city;GLH;
Инукджуак;city;YPH;
Кожикоде;city;CCJ;
Ленкуа;city;LEC;
Маунт-Кук;city;MON;
Нок;city;NOC;
Питермарицбург;city;PZB;
Русская Миссия;city;RSH;
Сиу-Лукаут;city;YXL;
Трат;city;TDX;
Хванге;city;HWN;
Эндрос-Таун;city;ASD;
Бандунг;city;BDO;
Валвис-Бей;city;WVB;
Гринвилль;city;GSP;
Иоаннина;city;IOA;
Коимбаторе;city;CJB;
Леон;city;BJX;
Маунт-Магнет;city;MMG;
Ноксвилл;city;TYS;
Питерсбург;city;PTG;
Рутленд;city;RUT;
Сиу-Фоллс;city;FSD;
Траутдейл;city;TTD;
Хей Ривер;city;YHY;
Эннискиллен;city;ENK;
Банфф;city;YBA;
Валгетт;city;WGE;
Гринвилль;city;PGV;
Ипатинга;city;IPN;
Коимбра;city;CBP;
Леон;city;LEN;
Маунт-Плезант;city;MOP;
Ном;city;OME;
Питсбург;city;PIT;
Рэли;city;RDU;
Сихуатанех;city;ZIH;
Тревизо;city;TSF;
Хейвард;city;HWD;
Энсенада;city;ESE;
Баня-Лука;city;BNX;
Валенсия;city;VAF;
Гринвуд;city;GWO;
Ипиалес;city;IPI;
Койайке;city;GXQ;
Леонора;city;LNO;
Маунт-Плезант;city;MPN;
Норвич;city;NWI;
Питтсбург;city;PTS;
Рэпид Сити;city;RAP;
Сиэтл;city;SEA;:сиэттл:сиэтлл
Трежер-Кей;city;TCB;
Хейвард;city;HYR;
Энсхеде;city;ENS;
Баоту;city;BAV;
Валенсия;city;VLC;
Гринвуд;city;YZX;
Ипох;city;IPH;
Коккола;city;KOK;
Лервик;city;LSI;
Маунт-Хаген;city;HGU;
Норвуд;city;OWD;
Питтсфилд;city;PSF;
Саарбрюккен;city;SCN;
Скагвэй;city;SGY;
Трейл;city;YZZ;
Хейман-Айленд;city;HIS;
Энтеббе;city;EBB;
Баошань;city;BSD;
Валенсия;city;VLN;
Гринсборо;city;GSO;
Ипсуич;city;IPW;
Кокомо;city;OKK;
Лерос;city;LRS;
Маунт-Хотхем;city;MHU;
Норман Уэллс;city;YVQ;
Пиура;city;PIU;
Саба-Айленд;city;SAB;
Скеллефти;city;SFT;
Трелев;city;REL;
Хейнс;city;HNS;
Энтерпрайз;city;ETS;
Бар Ривер;city;YEB;
Валера;city;VLV;
Гринфилд;city;GFD;
Иркутск;city;IKT;
Коконат-Айленд;city;CNC;
Лес Саблес;city;LSO;
Махе-Айленд;city;SEZ;
Нормантон;city;NTN;
Плайя-Гранде;city;PKJ;
Саванна;city;SAV;
Скиатлос;city;JSI;
Трентон;city;TTN;
Хейфонг;city;HPH;
Эпиналь;city;EPL;
Барахона;city;BRX;
Валла-Валла;city;ALW;
Гриффит;city;GFF;
Исафьордур;city;IFJ;
Кокоро;city;KOR;
Лесобенг;city;LES;
Мацу;city;MFK;
Норсмен;city;NSM;
Плайя-дель-Кармен;city;PCM;
Савонлинна;city;SVL;
Скиен;city;SKE;
Трентон;city;YTR;
Хелголанд;city;HGL;
Эрбил;city;EBL;
Бардуфосс;city;BDU;
Валлеми;city;VMI;
Гродно;city;GNA;
Исигаки;city;ISG;
Кокосовы о-ва;city;CCK;
Лестер;city;QEW;
Мацумото;city;MMJ;
Норт Бенд;city;OTH;
Пласенсиа;city;PLJ;
Савусаву;city;SVU;
Сковде;city;KVB;
Трес-Арройос;city;OYO;
Хелена;city;HLN;
Эрзинджан;city;ERC;
Бари;city;BRI;
Валлехо;city;VLO;
Гронинген;city;GRQ;
Остров Искья;city;ISH;
Кокран;city;YCN;
Летбридж;city;YQL;
Мацуяма;city;MYJ;
Норт Платт;city;LBF;
Платтсбург;city;PLB;
Сага;city;HSG;
Сконе;city;NSO;
Триест;city;TRS;
Хельсингборг;city;JHE;
Эрзурум;city;ERZ;
Барио;city;BBN;
Вальдес;city;VDZ;
Гросето;city;GRS;
Исла Гранде;city;SIG;
Колак;city;XCO;
Летисиа;city;LET;
Маягуэз;city;MAZ;
Норт Роландсей;city;NRL;
Плезентон;city;JBS;
Садбери;city;YSB;
Скопье;city;SKP;
Тринидад;city;TDD;
Эри;city;ERI;
Баркалдин;city;BCI;
Вальдивия;city;ZAL;
Гуайяквил;city;GYE;
Исламабад;city;ISB;
Колби;city;CBK;
Лех Индия;city;IXL;
Мванза;city;MWZ;
Норт Элутера;city;ELH;
Плейку;city;PXU;
Сайпан;city;SPN;
Скоттсблафф;city;BFF;
Тринидад;city;TND;
Хемаван;city;HMV;
Эркан;city;ECN;
Баркисимето;city;BRM;
Валь-д'Ор;city;YVO;
Гуам;city;GUM;
Ислип;city;ISP;
Колвилл;city;YCK;
Лечче;city;LCC;
Мегеве;city;MVV;
Норт-Батлфорд;city;YQW;
Плейнвью;city;PVW;
Сакон-Нахон;city;SNO;
Скоттсдейл;city;SCF;
Триполи;city;TIP;
Хенгело;city;QYH;
Эрли-Бич;city;WSY;
Барра;city;BRR;
Вальдоста;city;VLD;
Гуанчжоу;city;CAN;
Ист Гемптон;city;HTO;
Колдвелл;city;CDW;
Лианьюнан;city;LYG;
Медан;city;MES;
Норт-Бей;city;YYB;
Плеттенберг-Бэй;city;PBZ;
Сакраменто;city;SAC;
Скрантон;city;AVP;
Тролльхеттан;city;THN;
Хенксвилль;city;HVE;
Эрфурт;city;ERF;
Барранкабермежа;city;EJA;
Вальпараисо;city;VPS;
Гуаньюань;city;GYS;
Ист Саунд;city;ESD;
Колд-Лейк;city;YOD;
Либерал;city;LBL;
Медельин;city;MDE;
Норт-Кайкос;city;NCA;
Плимут;city;PLH;
Сал о-в;city;SID;
Скукуза;city;SZK;
Тромбетас;city;TMT;
Хенчун;city;HCN;
Эсбьерг;city;EBJ;
Барранкуилла;city;BAQ;
Вальпараисо;city;VPZ;
Гудиер;city;GYR;
Ист Хартфорд;city;EHT;
Колима;city;CLQ;
Либерия;city;LIR;
Медина;city;MED;
Нортхэмптон;city;ORM;
Плимут;city;PLY;
Салала;city;SLL;
Слайго;city;SXL;
Тромсе;city;TOS;
Хеньян;city;HNY;
Эсканаба;city;ESC;
Баррейрас;city;BRA;
Вальядолид;city;VLL;
Гудленд;city;GLD;
Ист Штраудсбург;city;ESP;
Колката;city;CCU;
Либревилль;city;LBV;
Медисин-Хат;city;YXH;
Норуок;city;ORQ;
Пловдив;city;PDV;
Саламанка;city;SLM;
Смирна;city;MQY;
Трондхейм;city;TRD;
Херви Бей;city;HVB;
Эскель;city;EQS;
Барретос;city;BAT;
Ван Турция;city;VAN;
Гуе;city;HUI;
остров Пасхи;city;IPC;:Истер-Айленд
Колледж Стейшн;city;CLL;
Ливан;city;LEB;
Медоу-Лейк;city;YLJ;
Норфолк;city;OFK;
Пномпень;city;PNH;
Саламо;city;SAM;
Смитерс;city;YYD;
Труа-Ривьер;city;YRQ;
Херес-де-ла-Фронтера;city;XRY;
Эскилстуна;city;EKT;
Барроу;city;BRW;
Ван Хорн;city;VHN;
Гуйлинь;city;KWL;
Ист-Лондон;city;ELS;
Коллинсвиль;city;KCE;
Ливермор;city;LVK;
Медфорд;city;MFR;
Норфолк;city;ORF;
По;city;PUF;
Салданха-Бей;city;SDB;
Смитфилд;city;SFZ;
Трук;city;TKK;
Херингсдорф;city;HDF;
Эскималт;city;YPF;
Барроу-ин-Фернесс;city;BWF;
Ванака;city;WKA;
Гуйянг;city;KWE;
Истон;city;ESN;
Колмар;city;CMR;
Ливерпуль;city;LPL;
Мейсян;city;MXZ;
Норфолк-Айленд;city;NLK;
Подгорица;city;TGD;
Салем;city;SLE;
Смит-Фолз;city;YSH;
Труро;city;XLZ;
Хермосилльо;city;HMO;
Эсперанс;city;EPR;
Барселона;city;BCN;
Вангануи;city;WAG;
Гундивинди;city;GOO;
Исфахан;city;IFN;
Коломбо;city;CMB;
Ливингстон;city;LVI;
Мейтленд;city;MTL;
Норчепинг;city;NRK;
Поза-Рика;city;PAZ;
Салида;city;SLT;
Со Сен Мари;city;SSM;
Трухильо;city;TRU;
Херона;city;GRO;
Эспириту-Санту;city;SON;
Барселона;city;BLA;
Вангаратта;city;WGT;
Гунунгситоли;city;GNS;
Итака;city;ITH;
Колония;city;CYR;
Ливингстон;city;LVM;
Мелвилль;city;XEK;
Носси-Бе;city;NOS;
Познань;city;POZ;
Салина;city;SLN;
Со Сен Мари;city;YAM;
Тувумба;city;TWB;
Херрогейт;city;HRT;
Эссаурия;city;ESU;
Барт;city;BBH;
Вангарей;city;WRE;
Гураят;city;URY;
Итаперуна;city;ITP;
Колорадо-Спрингс;city;COS;
Лидд;city;LYX;
Мелилья;city;MLN;
Ноттингем;city;XNM;
Поинт Лей;city;PIZ;
Салина-Крус;city;SCX;
Содерхамн;city;SOO;
Тузла;city;TZL;
Херст;city;YHF;
Эссен;city;ESS;
Бартлесвилль;city;BVO;
Ванегероге;city;AGE;
Гурон;city;HON;
Ихтепек;city;IZT;
Колумбия;city;CAE;
Лидс;city;LBA;
Мело;city;MLZ;
Ноттингем Бр;city;NQT;
Поинте-А-Питре;city;PTP;
Салинас;city;SNS;
Сокчо;city;SHO;
Туй-Хоа;city;TBB;
Хефей;city;HFE;
Эстеван;city;YEN;
Бартоу;city;BOW;
Ванимо;city;VAI;
Гус-Бей;city;YYR;
Ичанг;city;YIH;
Колумбия;city;COU;
Лидчепинг;city;LDK;
Мелой;city;QFQ;
Ноумеа;city;NOU;
Покателло;city;PIH;
Салисбери Оушен Сити;city;SBY;
Соло;city;SOC;
Туксон;city;TUS;
Хехо;city;HEH;
Эуфола;city;EUF;
Бар-Харбор;city;BHB;
Ванкувер;city;YVR;
Гютерсло;city;GUT;
Йеллоунайф;city;YZF;
Колумбия;city;MRC;
Лиепая;city;LPX;
Мельбурн;city;MEL;
Ноябрьск;city;NOJ;
Покхара;city;PKR;
Саллуит;city;YZG;
Солсбери;city;XSR;
Тукуман;city;TUC;
Хианнис;city;HYA;
Эчука;city;ECH;
Бас Тера;city;BBR;
Ваннес;city;VNE;
Гюттин;city;GTI;
Йоа-Хайвен;city;YHK;
Колумбус;city;CLU;
Лизард-Айленд;city;LZR;
Мельбурн;city;MLB;
Нуадхибу;city;NDB;
Полтава;city;PLV;
Салоники;city;SKG;
Солт-Лейк-Сити;city;SLC;
Тукуруи;city;TUR;
Хиббинг;city;HIB;
Эшвилль;city;AVL;
Басра;city;BSR;
Ваньсянь;city;WXN;
Давао;city;DVO;
Йогджакарта;city;JOG;:джогджакарта
Колумбус;city;CMH;
Лизбург;city;LEE;
Мемамбецу;city;MMB;
Нуакшот;city;NKC;
Помпано-Бич;city;PPM;
Сальвадор;city;SSA;
Сомерсет;city;SME;
Туларе;city;TLR;
Хидерабад;city;HDD;
Эшфорд;city;QDH;
Басселтон;city;BQB;
Вапаконета;city;AXV;
Давенпорт;city;DVN;
Йоило;city;ILO;
Колумбус;city;CSG;
Ликселе;city;LYC;
Мемфис;city;MEM;
Нукуалофа;city;TBU;
Понка-Сити;city;PNC;
Сальта;city;SLA;
Сонаи;city;SYO;
Тулеар;city;TLE;
Хикори;city;HKY;
Ювяскюля;city;JYV;
